GRID_TYPE,GAME_ID,GAME_EVENT_ID,PLAYER_ID,PLAYER_NAME,TEAM_ID,TEAM_NAME,PERIOD,MINUTES_REMAINING,SECONDS_REMAINING,EVENT_TYPE,ACTION_TYPE,SHOT_TYPE,SHOT_ZONE_BASIC,SHOT_ZONE_AREA,SHOT_ZONE_RANGE,SHOT_DISTANCE,LOC_X,LOC_Y,SHOT_ATTEMPTED_FLAG,SHOT_MADE_FLAG,GAME_DATE,HTM,VTM,PLAYER_POSITION
Shot Chart Detail,0022400016,19,1627739,Kris Dunn,1610612746,LA Clippers,1,10,39,Missed Shot,Jump Shot,3PT Field Goal,Right Corner 3,Right Side(R),24+ ft.,23,228,55,1,0,20241115,HOU,LAC,Guard
Shot Chart Detail,0022400016,23,1627739,Kris Dunn,1610612746,LA Clippers,1,10,14,Made Shot,Driving Layup Shot,2PT Field Goal,Restricted Area,Center(C),Less Than 8 ft.,3,-32,16,1,1,20241115,HOU,LAC,Guard
Shot Chart Detail,0022400016,27,1627739,Kris Dunn,1610612746,LA Clippers,1,9,40,Missed Shot,Pullup Jump shot,3PT Field Goal,Above the Break 3,Left Side Center(LC),24+ ft.,26,-199,168,1,0,20241115,HOU,LAC,Guard
Shot Chart Detail,0022400016,39,1627739,Kris Dunn,1610612746,LA Clippers,1,8,36,Made Shot,Running Layup Shot,2PT Field Goal,Restricted Area,Center(C),Less Than 8 ft.,3,17,25,1,1,20241115,HOU,LAC,Guard
Shot Chart Detail,0022400016,71,1627739,Kris Dunn,1610612746,LA Clippers,1,5,15,Missed Shot,Jump Shot,3PT Field Goal,Above the Break 3,Center(C),24+ ft.,26,18,264,1,0,20241115,HOU,LAC,Guard
Shot Chart Detail,0022400016,252,1627739,Kris Dunn,1610612746,LA Clippers,2,5,55,Missed Shot,Pullup Jump shot,3PT Field Goal,Above the Break 3,Center(C),24+ ft.,26,74,253,1,0,20241115,HOU,LAC,Guard
Shot Chart Detail,0022400016,262,1627739,Kris Dunn,1610612746,LA Clippers,2,4,54,Made Shot,Driving Floating Jump Shot,2PT Field Goal,In The Paint (Non-RA),Center(C),8-16 ft.,13,42,128,1,1,20241115,HOU,LAC,Guard
Shot Chart Detail,0022400016,272,1627739,Kris Dunn,1610612746,LA Clippers,2,3,45,Missed Shot,Jump Shot,3PT Field Goal,Above the Break 3,Center(C),24+ ft.,26,-55,262,1,0,20241115,HOU,LAC,Guard
Shot Chart Detail,0022400016,277,1627739,Kris Dunn,1610612746,LA Clippers,2,3,22,Made Shot,Pullup Jump shot,3PT Field Goal,Above the Break 3,Center(C),24+ ft.,26,-44,262,1,1,20241115,HOU,LAC,Guard
Shot Chart Detail,0022400016,283,1627739,Kris Dunn,1610612746,LA Clippers,2,2,26,Made Shot,Driving Layup Shot,2PT Field Goal,In The Paint (Non-RA),Center(C),Less Than 8 ft.,5,47,21,1,1,20241115,HOU,LAC,Guard
Shot Chart Detail,0022400016,290,1627739,Kris Dunn,1610612746,LA Clippers,2,1,19,Made Shot,Driving Layup Shot,2PT Field Goal,Restricted Area,Center(C),Less Than 8 ft.,3,34,21,1,1,20241115,HOU,LAC,Guard
Shot Chart Detail,0022400016,365,1627739,Kris Dunn,1610612746,LA Clippers,3,9,0,Missed Shot,Pullup Jump shot,3PT Field Goal,Above the Break 3,Center(C),24+ ft.,26,20,268,1,0,20241115,HOU,LAC,Guard
Shot Chart Detail,0022400016,398,1627739,Kris Dunn,1610612746,LA Clippers,3,6,7,Missed Shot,Driving Floating Jump Shot,2PT Field Goal,In The Paint (Non-RA),Center(C),Less Than 8 ft.,5,-36,37,1,0,20241115,HOU,LAC,Guard
Shot Chart Detail,0022400034,17,1627739,Kris Dunn,1610612746,LA Clippers,1,10,43,Missed Shot,Jump Shot,3PT Field Goal,Left Corner 3,Left Side(L),24+ ft.,23,-234,28,1,0,20241122,LAC,SAC,Guard
Shot Chart Detail,0022400034,29,1627739,Kris Dunn,1610612746,LA Clippers,1,9,36,Missed Shot,Driving Floating Jump Shot,2PT Field Goal,In The Paint (Non-RA),Center(C),Less Than 8 ft.,7,4,76,1,0,20241122,LAC,SAC,Guard
Shot Chart Detail,0022400034,37,1627739,Kris Dunn,1610612746,LA Clippers,1,8,56,Missed Shot,Jump Shot,3PT Field Goal,Above the Break 3,Left Side Center(LC),24+ ft.,26,-211,160,1,0,20241122,LAC,SAC,Guard
Shot Chart Detail,0022400034,43,1627739,Kris Dunn,1610612746,LA Clippers,1,8,18,Missed Shot,Jump Shot,3PT Field Goal,Right Corner 3,Right Side(R),24+ ft.,23,229,46,1,0,20241122,LAC,SAC,Guard
Shot Chart Detail,0022400034,71,1627739,Kris Dunn,1610612746,LA Clippers,1,6,26,Missed Shot,Driving Layup Shot,2PT Field Goal,In The Paint (Non-RA),Center(C),Less Than 8 ft.,4,17,44,1,0,20241122,LAC,SAC,Guard
Shot Chart Detail,0022400034,263,1627739,Kris Dunn,1610612746,LA Clippers,2,5,20,Missed Shot,Driving Layup Shot,2PT Field Goal,Restricted Area,Center(C),Less Than 8 ft.,2,-20,22,1,0,20241122,LAC,SAC,Guard
Shot Chart Detail,0022400034,284,1627739,Kris Dunn,1610612746,LA Clippers,2,4,7,Made Shot,Jump Shot,3PT Field Goal,Above the Break 3,Right Side Center(RC),24+ ft.,25,207,154,1,1,20241122,LAC,SAC,Guard
Shot Chart Detail,0022400034,401,1627739,Kris Dunn,1610612746,LA Clippers,3,7,34,Missed Shot,Jump Shot,3PT Field Goal,Left Corner 3,Left Side(L),24+ ft.,22,-225,29,1,0,20241122,LAC,SAC,Guard
Shot Chart Detail,0022400034,404,1627739,Kris Dunn,1610612746,LA Clippers,3,7,9,Missed Shot,Driving Floating Jump Shot,2PT Field Goal,In The Paint (Non-RA),Center(C),Less Than 8 ft.,7,54,58,1,0,20241122,LAC,SAC,Guard
Shot Chart Detail,0022400034,406,1627739,Kris Dunn,1610612746,LA Clippers,3,7,5,Made Shot,Putback Layup Shot,2PT Field Goal,Restricted Area,Center(C),Less Than 8 ft.,0,0,0,1,1,20241122,LAC,SAC,Guard
Shot Chart Detail,0022400034,635,1627739,Kris Dunn,1610612746,LA Clippers,4,2,59,Missed Shot,Jump Shot,3PT Field Goal,Above the Break 3,Right Side Center(RC),24+ ft.,28,207,198,1,0,20241122,LAC,SAC,Guard
Shot Chart Detail,0022400044,51,1627739,Kris Dunn,1610612746,LA Clippers,1,8,27,Missed Shot,Jump Shot,3PT Field Goal,Right Corner 3,Right Side(R),24+ ft.,23,234,-23,1,0,20241129,MIN,LAC,Guard
Shot Chart Detail,0022400044,331,1627739,Kris Dunn,1610612746,LA Clippers,3,9,17,Missed Shot,Running Layup Shot,2PT Field Goal,Restricted Area,Center(C),Less Than 8 ft.,1,2,15,1,0,20241129,MIN,LAC,Guard
Shot Chart Detail,0022400044,368,1627739,Kris Dunn,1610612746,LA Clippers,3,5,45,Missed Shot,Driving Floating Bank Jump Shot,2PT Field Goal,In The Paint (Non-RA),Center(C),Less Than 8 ft.,4,37,18,1,0,20241129,MIN,LAC,Guard
Shot Chart Detail,0022400044,399,1627739,Kris Dunn,1610612746,LA Clippers,3,3,43,Missed Shot,Driving Floating Jump Shot,2PT Field Goal,In The Paint (Non-RA),Center(C),8-16 ft.,9,-18,94,1,0,20241129,MIN,LAC,Guard
Shot Chart Detail,0022400044,582,1627739,Kris Dunn,1610612746,LA Clippers,4,2,0,Missed Shot,Jump Shot,3PT Field Goal,Right Corner 3,Right Side(R),24+ ft.,22,225,6,1,0,20241129,MIN,LAC,Guard
Shot Chart Detail,0022400060,50,1627739,Kris Dunn,1610612746,LA Clippers,1,6,22,Made Shot,Running Layup Shot,2PT Field Goal,Restricted Area,Center(C),Less Than 8 ft.,2,1,22,1,1,20241203,LAC,POR,Guard
Shot Chart Detail,0022400060,57,1627739,Kris Dunn,1610612746,LA Clippers,1,5,54,Made Shot,Driving Floating Jump Shot,2PT Field Goal,In The Paint (Non-RA),Center(C),8-16 ft.,12,-29,118,1,1,20241203,LAC,POR,Guard
Shot Chart Detail,0022400060,249,1627739,Kris Dunn,1610612746,LA Clippers,2,4,19,Missed Shot,Putback Layup Shot,2PT Field Goal,Restricted Area,Center(C),Less Than 8 ft.,2,-2,21,1,0,20241203,LAC,POR,Guard
Shot Chart Detail,0022400060,313,1627739,Kris Dunn,1610612746,LA Clippers,3,11,22,Missed Shot,Jump Shot,3PT Field Goal,Above the Break 3,Right Side Center(RC),24+ ft.,26,203,178,1,0,20241203,LAC,POR,Guard
Shot Chart Detail,0022400060,329,1627739,Kris Dunn,1610612746,LA Clippers,3,10,2,Missed Shot,Driving Floating Jump Shot,2PT Field Goal,In The Paint (Non-RA),Center(C),Less Than 8 ft.,7,-1,78,1,0,20241203,LAC,POR,Guard
Shot Chart Detail,0022400060,338,1627739,Kris Dunn,1610612746,LA Clippers,3,9,0,Made Shot,Jump Shot,3PT Field Goal,Right Corner 3,Right Side(R),24+ ft.,23,238,22,1,1,20241203,LAC,POR,Guard
Shot Chart Detail,0022400071,147,1627739,Kris Dunn,1610612746,LA Clippers,1,0,55,Missed Shot,Floating Jump shot,2PT Field Goal,Restricted Area,Center(C),Less Than 8 ft.,2,17,24,1,0,20241023,LAC,PHX,Guard
Shot Chart Detail,0022400071,174,1627739,Kris Dunn,1610612746,LA Clippers,2,10,45,Made Shot,Jump Shot,3PT Field Goal,Above the Break 3,Left Side Center(LC),24+ ft.,25,-89,236,1,1,20241023,LAC,PHX,Guard
Shot Chart Detail,0022400071,514,1627739,Kris Dunn,1610612746,LA Clippers,3,0,40,Missed Shot,Jump Shot,3PT Field Goal,Right Corner 3,Right Side(R),24+ ft.,23,231,41,1,0,20241023,LAC,PHX,Guard
Shot Chart Detail,0022400071,550,1627739,Kris Dunn,1610612746,LA Clippers,4,10,18,Made Shot,Putback Layup Shot,2PT Field Goal,Restricted Area,Center(C),Less Than 8 ft.,1,6,8,1,1,20241023,LAC,PHX,Guard
Shot Chart Detail,0022400087,162,1627739,Kris Dunn,1610612746,LA Clippers,2,10,35,Missed Shot,Jump Shot,3PT Field Goal,Above the Break 3,Center(C),24+ ft.,27,-4,275,1,0,20241026,DEN,LAC,Guard
Shot Chart Detail,0022400087,186,1627739,Kris Dunn,1610612746,LA Clippers,2,8,59,Made Shot,Jump Shot,3PT Field Goal,Right Corner 3,Right Side(R),24+ ft.,23,230,47,1,1,20241026,DEN,LAC,Guard
Shot Chart Detail,0022400087,408,1627739,Kris Dunn,1610612746,LA Clippers,3,5,30,Made Shot,Jump Shot,3PT Field Goal,Left Corner 3,Left Side(L),24+ ft.,23,-233,6,1,1,20241026,DEN,LAC,Guard
Shot Chart Detail,0022400087,462,1627739,Kris Dunn,1610612746,LA Clippers,3,1,51,Missed Shot,Jump Shot,3PT Field Goal,Above the Break 3,Left Side Center(LC),24+ ft.,26,-147,220,1,0,20241026,DEN,LAC,Guard
Shot Chart Detail,0022400087,478,1627739,Kris Dunn,1610612746,LA Clippers,3,0,57,Made Shot,Pullup Jump shot,2PT Field Goal,In The Paint (Non-RA),Center(C),Less Than 8 ft.,4,44,19,1,1,20241026,DEN,LAC,Guard
Shot Chart Detail,0022400087,512,1627739,Kris Dunn,1610612746,LA Clippers,4,10,26,Made Shot,Pullup Jump shot,3PT Field Goal,Above the Break 3,Right Side Center(RC),24+ ft.,27,110,252,1,1,20241026,DEN,LAC,Guard
Shot Chart Detail,0022400101,321,1627739,Kris Dunn,1610612746,LA Clippers,2,3,46,Made Shot,Running Layup Shot,2PT Field Goal,Restricted Area,Center(C),Less Than 8 ft.,3,29,22,1,1,20241027,GSW,LAC,Guard
Shot Chart Detail,0022400101,354,1627739,Kris Dunn,1610612746,LA Clippers,2,1,50,Missed Shot,Jump Shot,3PT Field Goal,Left Corner 3,Left Side(L),24+ ft.,22,-228,18,1,0,20241027,GSW,LAC,Guard
Shot Chart Detail,0022400101,467,1627739,Kris Dunn,1610612746,LA Clippers,3,5,47,Missed Shot,Running Jump Shot,3PT Field Goal,Above the Break 3,Right Side Center(RC),24+ ft.,26,196,176,1,0,20241027,GSW,LAC,Guard
Shot Chart Detail,0022400101,555,1627739,Kris Dunn,1610612746,LA Clippers,4,9,14,Made Shot,Driving Floating Jump Shot,2PT Field Goal,In The Paint (Non-RA),Center(C),8-16 ft.,11,43,104,1,1,20241027,GSW,LAC,Guard
Shot Chart Detail,0022400101,568,1627739,Kris Dunn,1610612746,LA Clippers,4,8,5,Made Shot,Cutting Layup Shot,2PT Field Goal,In The Paint (Non-RA),Center(C),Less Than 8 ft.,4,-44,16,1,1,20241027,GSW,LAC,Guard
Shot Chart Detail,0022400127,139,1627739,Kris Dunn,1610612746,LA Clippers,1,1,40,Made Shot,Running Layup Shot,2PT Field Goal,Restricted Area,Center(C),Less Than 8 ft.,2,7,28,1,1,20241030,LAC,POR,Guard
Shot Chart Detail,0022400127,176,1627739,Kris Dunn,1610612746,LA Clippers,2,11,6,Made Shot,Driving Layup Shot,2PT Field Goal,Restricted Area,Center(C),Less Than 8 ft.,3,0,34,1,1,20241030,LAC,POR,Guard
Shot Chart Detail,0022400127,201,1627739,Kris Dunn,1610612746,LA Clippers,2,9,4,Made Shot,Turnaround Hook Shot,2PT Field Goal,Restricted Area,Center(C),Less Than 8 ft.,3,4,37,1,1,20241030,LAC,POR,Guard
Shot Chart Detail,0022400131,204,1627739,Kris Dunn,1610612746,LA Clippers,2,9,24,Missed Shot,Driving Floating Jump Shot,2PT Field Goal,In The Paint (Non-RA),Center(C),8-16 ft.,10,49,90,1,0,20241031,LAC,PHX,Guard
Shot Chart Detail,0022400131,333,1627739,Kris Dunn,1610612746,LA Clippers,2,0,42,Made Shot,Jump Shot,3PT Field Goal,Left Corner 3,Left Side(L),24+ ft.,23,-230,53,1,1,20241031,LAC,PHX,Guard
Shot Chart Detail,0022400131,433,1627739,Kris Dunn,1610612746,LA Clippers,3,4,37,Made Shot,Jump Shot,3PT Field Goal,Left Corner 3,Left Side(L),24+ ft.,22,-222,20,1,1,20241031,LAC,PHX,Guard
Shot Chart Detail,0022400131,474,1627739,Kris Dunn,1610612746,LA Clippers,3,1,26,Missed Shot,Pullup Jump shot,2PT Field Goal,Mid-Range,Center(C),16-24 ft.,19,37,190,1,0,20241031,LAC,PHX,Guard
Shot Chart Detail,0022400131,512,1627739,Kris Dunn,1610612746,LA Clippers,4,9,16,Missed Shot,Driving Layup Shot,2PT Field Goal,Restricted Area,Center(C),Less Than 8 ft.,3,6,39,1,0,20241031,LAC,PHX,Guard
Shot Chart Detail,0022400150,130,1627739,Kris Dunn,1610612746,LA Clippers,1,1,37,Missed Shot,Jump Shot,3PT Field Goal,Above the Break 3,Right Side Center(RC),24+ ft.,26,125,232,1,0,20241102,LAC,OKC,Guard
Shot Chart Detail,0022400150,135,1627739,Kris Dunn,1610612746,LA Clippers,1,1,19,Made Shot,Running Jump Shot,3PT Field Goal,Left Corner 3,Left Side(L),24+ ft.,23,-230,39,1,1,20241102,LAC,OKC,Guard
Shot Chart Detail,0022400150,162,1627739,Kris Dunn,1610612746,LA Clippers,2,11,42,Made Shot,Turnaround Jump Shot,2PT Field Goal,In The Paint (Non-RA),Center(C),8-16 ft.,8,26,76,1,1,20241102,LAC,OKC,Guard
Shot Chart Detail,0022400150,170,1627739,Kris Dunn,1610612746,LA Clippers,2,10,35,Made Shot,Jump Shot,3PT Field Goal,Above the Break 3,Right Side Center(RC),24+ ft.,26,102,246,1,1,20241102,LAC,OKC,Guard
Shot Chart Detail,0022400150,445,1627739,Kris Dunn,1610612746,LA Clippers,3,4,22,Missed Shot,Jump Shot,3PT Field Goal,Right Corner 3,Right Side(R),24+ ft.,23,234,40,1,0,20241102,LAC,OKC,Guard
Shot Chart Detail,0022400150,449,1627739,Kris Dunn,1610612746,LA Clippers,3,4,6,Made Shot,Driving Floating Jump Shot,2PT Field Goal,In The Paint (Non-RA),Center(C),Less Than 8 ft.,5,18,47,1,1,20241102,LAC,OKC,Guard
Shot Chart Detail,0022400150,517,1627739,Kris Dunn,1610612746,LA Clippers,4,11,17,Missed Shot,Step Back Jump shot,3PT Field Goal,Above the Break 3,Right Side Center(RC),24+ ft.,26,119,241,1,0,20241102,LAC,OKC,Guard
Shot Chart Detail,0022400150,585,1627739,Kris Dunn,1610612746,LA Clippers,4,5,48,Missed Shot,Driving Floating Jump Shot,2PT Field Goal,In The Paint (Non-RA),Center(C),Less Than 8 ft.,6,-4,63,1,0,20241102,LAC,OKC,Guard
Shot Chart Detail,0022400168,122,1627739,Kris Dunn,1610612746,LA Clippers,1,1,50,Made Shot,Driving Floating Jump Shot,2PT Field Goal,In The Paint (Non-RA),Center(C),Less Than 8 ft.,5,-11,54,1,1,20241104,LAC,SAS,Guard
Shot Chart Detail,0022400168,126,1627739,Kris Dunn,1610612746,LA Clippers,1,1,12,Missed Shot,Jump Shot,3PT Field Goal,Above the Break 3,Right Side Center(RC),24+ ft.,27,156,223,1,0,20241104,LAC,SAS,Guard
Shot Chart Detail,0022400168,184,1627739,Kris Dunn,1610612746,LA Clippers,2,8,48,Made Shot,Driving Floating Bank Jump Shot,2PT Field Goal,Mid-Range,Left Side(L),8-16 ft.,11,-103,58,1,1,20241104,LAC,SAS,Guard
Shot Chart Detail,0022400168,193,1627739,Kris Dunn,1610612746,LA Clippers,2,7,35,Made Shot,Jump Shot,3PT Field Goal,Above the Break 3,Center(C),24+ ft.,27,-39,275,1,1,20241104,LAC,SAS,Guard
Shot Chart Detail,0022400168,441,1627739,Kris Dunn,1610612746,LA Clippers,3,2,33,Missed Shot,Jump Shot,3PT Field Goal,Left Corner 3,Left Side(L),24+ ft.,22,-229,1,1,0,20241104,LAC,SAS,Guard
Shot Chart Detail,0022400168,497,1627739,Kris Dunn,1610612746,LA Clippers,4,10,21,Missed Shot,Driving Floating Jump Shot,2PT Field Goal,In The Paint (Non-RA),Center(C),Less Than 8 ft.,6,-7,67,1,0,20241104,LAC,SAS,Guard
Shot Chart Detail,0022400168,554,1627739,Kris Dunn,1610612746,LA Clippers,4,5,48,Made Shot,Jump Shot,3PT Field Goal,Above the Break 3,Left Side Center(LC),24+ ft.,24,-159,187,1,1,20241104,LAC,SAS,Guard
Shot Chart Detail,0022400168,596,1627739,Kris Dunn,1610612746,LA Clippers,4,2,23,Missed Shot,Driving Floating Jump Shot,2PT Field Goal,Restricted Area,Center(C),Less Than 8 ft.,2,-11,19,1,0,20241104,LAC,SAS,Guard
Shot Chart Detail,0022400168,604,1627739,Kris Dunn,1610612746,LA Clippers,4,1,5,Missed Shot,Jump Shot,3PT Field Goal,Right Corner 3,Right Side(R),24+ ft.,23,239,14,1,0,20241104,LAC,SAS,Guard
Shot Chart Detail,0022400179,203,1627739,Kris Dunn,1610612746,LA Clippers,2,6,49,Missed Shot,Jump Shot,3PT Field Goal,Above the Break 3,Center(C),24+ ft.,29,-39,294,1,0,20241106,LAC,PHI,Guard
Shot Chart Detail,0022400179,450,1627739,Kris Dunn,1610612746,LA Clippers,3,1,15,Made Shot,Layup Shot,2PT Field Goal,Restricted Area,Center(C),Less Than 8 ft.,1,13,-1,1,1,20241106,LAC,PHI,Guard
Shot Chart Detail,0022400179,458,1627739,Kris Dunn,1610612746,LA Clippers,3,0,5,Made Shot,Driving Dunk Shot,2PT Field Goal,Restricted Area,Center(C),Less Than 8 ft.,0,4,-1,1,1,20241106,LAC,PHI,Guard
Shot Chart Detail,0022400196,149,1627739,Kris Dunn,1610612746,LA Clippers,2,11,39,Missed Shot,Jump Shot,3PT Field Goal,Left Corner 3,Left Side(L),24+ ft.,24,-245,-10,1,0,20241108,SAC,LAC,Guard
Shot Chart Detail,0022400200,147,1627739,Kris Dunn,1610612746,LA Clippers,1,0,59,Made Shot,Jump Shot,3PT Field Goal,Above the Break 3,Right Side Center(RC),24+ ft.,27,158,230,1,1,20241109,LAC,TOR,Guard
Shot Chart Detail,0022400200,155,1627739,Kris Dunn,1610612746,LA Clippers,1,0,2,Made Shot,Running Dunk Shot,2PT Field Goal,Restricted Area,Center(C),Less Than 8 ft.,1,9,5,1,1,20241109,LAC,TOR,Guard
Shot Chart Detail,0022400200,547,1627739,Kris Dunn,1610612746,LA Clippers,4,7,57,Made Shot,Driving Floating Jump Shot,2PT Field Goal,In The Paint (Non-RA),Center(C),8-16 ft.,8,-5,89,1,1,20241109,LAC,TOR,Guard
Shot Chart Detail,0022400215,103,1627739,Kris Dunn,1610612746,LA Clippers,1,3,56,Missed Shot,Jump Shot,3PT Field Goal,Left Corner 3,Left Side(L),24+ ft.,22,-225,-21,1,0,20241111,OKC,LAC,Guard
Shot Chart Detail,0022400215,117,1627739,Kris Dunn,1610612746,LA Clippers,1,2,53,Missed Shot,Jump Shot,3PT Field Goal,Right Corner 3,Right Side(R),24+ ft.,23,229,52,1,0,20241111,OKC,LAC,Guard
Shot Chart Detail,0022400215,128,1627739,Kris Dunn,1610612746,LA Clippers,1,1,49,Made Shot,Putback Layup Shot,2PT Field Goal,Restricted Area,Center(C),Less Than 8 ft.,0,7,-5,1,1,20241111,OKC,LAC,Guard
Shot Chart Detail,0022400215,304,1627739,Kris Dunn,1610612746,LA Clippers,2,2,15,Made Shot,Jump Shot,3PT Field Goal,Above the Break 3,Right Side Center(RC),24+ ft.,25,146,210,1,1,20241111,OKC,LAC,Guard
Shot Chart Detail,0022400215,335,1627739,Kris Dunn,1610612746,LA Clippers,2,0,30,Made Shot,Jump Shot,3PT Field Goal,Above the Break 3,Right Side Center(RC),24+ ft.,25,164,190,1,1,20241111,OKC,LAC,Guard
Shot Chart Detail,0022400215,588,1627739,Kris Dunn,1610612746,LA Clippers,4,8,6,Missed Shot,Jump Shot,3PT Field Goal,Right Corner 3,Right Side(R),24+ ft.,23,232,-22,1,0,20241111,OKC,LAC,Guard
Shot Chart Detail,0022400222,45,1627739,Kris Dunn,1610612746,LA Clippers,1,7,37,Made Shot,Jump Shot,3PT Field Goal,Above the Break 3,Left Side Center(LC),24+ ft.,26,-130,235,1,1,20241113,HOU,LAC,Guard
Shot Chart Detail,0022400222,61,1627739,Kris Dunn,1610612746,LA Clippers,1,6,28,Made Shot,Floating Jump shot,2PT Field Goal,In The Paint (Non-RA),Center(C),8-16 ft.,13,10,134,1,1,20241113,HOU,LAC,Guard
Shot Chart Detail,0022400222,257,1627739,Kris Dunn,1610612746,LA Clippers,2,5,29,Missed Shot,Cutting Layup Shot,2PT Field Goal,Restricted Area,Center(C),Less Than 8 ft.,2,-6,23,1,0,20241113,HOU,LAC,Guard
Shot Chart Detail,0022400222,262,1627739,Kris Dunn,1610612746,LA Clippers,2,4,51,Made Shot,Driving Floating Jump Shot,2PT Field Goal,Mid-Range,Center(C),16-24 ft.,16,12,166,1,1,20241113,HOU,LAC,Guard
Shot Chart Detail,0022400222,267,1627739,Kris Dunn,1610612746,LA Clippers,2,4,27,Missed Shot,Jump Shot,3PT Field Goal,Above the Break 3,Right Side Center(RC),24+ ft.,25,147,212,1,0,20241113,HOU,LAC,Guard
Shot Chart Detail,0022400222,307,1627739,Kris Dunn,1610612746,LA Clippers,2,1,50,Missed Shot,Step Back Jump shot,3PT Field Goal,Above the Break 3,Right Side Center(RC),24+ ft.,26,131,230,1,0,20241113,HOU,LAC,Guard
Shot Chart Detail,0022400222,342,1627739,Kris Dunn,1610612746,LA Clippers,3,11,19,Made Shot,Running Layup Shot,2PT Field Goal,Restricted Area,Center(C),Less Than 8 ft.,1,10,9,1,1,20241113,HOU,LAC,Guard
Shot Chart Detail,0022400222,352,1627739,Kris Dunn,1610612746,LA Clippers,3,10,35,Made Shot,Driving Floating Bank Jump Shot,2PT Field Goal,In The Paint (Non-RA),Center(C),Less Than 8 ft.,7,70,16,1,1,20241113,HOU,LAC,Guard
Shot Chart Detail,0022400222,507,1627739,Kris Dunn,1610612746,LA Clippers,4,11,27,Missed Shot,Floating Jump shot,2PT Field Goal,In The Paint (Non-RA),Right Side(R),8-16 ft.,12,65,108,1,0,20241113,HOU,LAC,Guard
Shot Chart Detail,0022400222,555,1627739,Kris Dunn,1610612746,LA Clippers,4,7,56,Missed Shot,Jump Shot,3PT Field Goal,Above the Break 3,Center(C),24+ ft.,25,5,250,1,0,20241113,HOU,LAC,Guard
Shot Chart Detail,0022400243,275,1627739,Kris Dunn,1610612746,LA Clippers,2,1,46,Made Shot,Jump Shot,3PT Field Goal,Left Corner 3,Left Side(L),24+ ft.,23,-230,9,1,1,20241117,LAC,UTA,Guard
Shot Chart Detail,0022400243,302,1627739,Kris Dunn,1610612746,LA Clippers,3,11,1,Missed Shot,Fadeaway Jump Shot,2PT Field Goal,In The Paint (Non-RA),Center(C),Less Than 8 ft.,4,-25,41,1,0,20241117,LAC,UTA,Guard
Shot Chart Detail,0022400243,306,1627739,Kris Dunn,1610612746,LA Clippers,3,10,43,Missed Shot,Running Jump Shot,3PT Field Goal,Left Corner 3,Left Side(L),24+ ft.,22,-225,27,1,0,20241117,LAC,UTA,Guard
Shot Chart Detail,0022400243,310,1627739,Kris Dunn,1610612746,LA Clippers,3,10,27,Made Shot,Running Layup Shot,2PT Field Goal,Restricted Area,Center(C),Less Than 8 ft.,1,-9,12,1,1,20241117,LAC,UTA,Guard
Shot Chart Detail,0022400243,374,1627739,Kris Dunn,1610612746,LA Clippers,3,4,39,Made Shot,Jump Shot,3PT Field Goal,Above the Break 3,Left Side Center(LC),24+ ft.,25,-165,189,1,1,20241117,LAC,UTA,Guard
Shot Chart Detail,0022400243,543,1627739,Kris Dunn,1610612746,LA Clippers,4,3,0,Missed Shot,Jump Shot,3PT Field Goal,Above the Break 3,Right Side Center(RC),24+ ft.,24,147,200,1,0,20241117,LAC,UTA,Guard
Shot Chart Detail,0022400243,547,1627739,Kris Dunn,1610612746,LA Clippers,4,2,31,Made Shot,Jump Shot,3PT Field Goal,Right Corner 3,Right Side(R),24+ ft.,22,223,2,1,1,20241117,LAC,UTA,Guard
Shot Chart Detail,0022400243,572,1627739,Kris Dunn,1610612746,LA Clippers,4,0,41,Missed Shot,Jump Shot,3PT Field Goal,Left Corner 3,Left Side(L),24+ ft.,24,-239,31,1,0,20241117,LAC,UTA,Guard
Shot Chart Detail,0022400251,21,1627739,Kris Dunn,1610612746,LA Clippers,1,10,6,Made Shot,Running Layup Shot,2PT Field Goal,Restricted Area,Center(C),Less Than 8 ft.,2,20,13,1,1,20241118,LAC,GSW,Guard
Shot Chart Detail,0022400251,350,1627739,Kris Dunn,1610612746,LA Clippers,3,11,1,Missed Shot,Running Layup Shot,2PT Field Goal,Restricted Area,Center(C),Less Than 8 ft.,1,16,9,1,0,20241118,LAC,GSW,Guard
Shot Chart Detail,0022400251,359,1627739,Kris Dunn,1610612746,LA Clippers,3,10,29,Missed Shot,Jump Shot,3PT Field Goal,Right Corner 3,Right Side(R),24+ ft.,23,234,27,1,0,20241118,LAC,GSW,Guard
Shot Chart Detail,0022400251,367,1627739,Kris Dunn,1610612746,LA Clippers,3,9,27,Made Shot,Jump Shot,3PT Field Goal,Left Corner 3,Left Side(L),24+ ft.,23,-230,35,1,1,20241118,LAC,GSW,Guard
Shot Chart Detail,0022400251,377,1627739,Kris Dunn,1610612746,LA Clippers,3,8,12,Made Shot,Floating Jump shot,2PT Field Goal,In The Paint (Non-RA),Center(C),Less Than 8 ft.,6,0,61,1,1,20241118,LAC,GSW,Guard
Shot Chart Detail,0022400251,398,1627739,Kris Dunn,1610612746,LA Clippers,3,6,13,Missed Shot,Jump Shot,3PT Field Goal,Above the Break 3,Left Side Center(LC),24+ ft.,25,-224,125,1,0,20241118,LAC,GSW,Guard
Shot Chart Detail,0022400259,26,1627739,Kris Dunn,1610612746,LA Clippers,1,9,32,Missed Shot,Floating Jump shot,2PT Field Goal,In The Paint (Non-RA),Center(C),Less Than 8 ft.,7,-13,75,1,0,20241120,LAC,ORL,Guard
Shot Chart Detail,0022400259,46,1627739,Kris Dunn,1610612746,LA Clippers,1,7,50,Missed Shot,Driving Floating Bank Jump Shot,2PT Field Goal,In The Paint (Non-RA),Center(C),Less Than 8 ft.,5,40,44,1,0,20241120,LAC,ORL,Guard
Shot Chart Detail,0022400259,291,1627739,Kris Dunn,1610612746,LA Clippers,2,1,48,Missed Shot,Jump Shot,3PT Field Goal,Left Corner 3,Left Side(L),24+ ft.,24,-234,69,1,0,20241120,LAC,ORL,Guard
Shot Chart Detail,0022400259,311,1627739,Kris Dunn,1610612746,LA Clippers,2,0,46,Made Shot,Step Back Jump shot,2PT Field Goal,Mid-Range,Left Side(L),16-24 ft.,22,-213,78,1,1,20241120,LAC,ORL,Guard
Shot Chart Detail,0022400259,377,1627739,Kris Dunn,1610612746,LA Clippers,3,8,26,Missed Shot,Driving Floating Jump Shot,2PT Field Goal,In The Paint (Non-RA),Center(C),Less Than 8 ft.,5,40,43,1,0,20241120,LAC,ORL,Guard
Shot Chart Detail,0022400259,397,1627739,Kris Dunn,1610612746,LA Clippers,3,7,4,Made Shot,Driving Layup Shot,2PT Field Goal,Restricted Area,Center(C),Less Than 8 ft.,3,18,34,1,1,20241120,LAC,ORL,Guard
Shot Chart Detail,0022400259,554,1627739,Kris Dunn,1610612746,LA Clippers,4,6,27,Missed Shot,Fadeaway Jump Shot,2PT Field Goal,In The Paint (Non-RA),Center(C),Less Than 8 ft.,6,-56,29,1,0,20241120,LAC,ORL,Guard
Shot Chart Detail,0022400259,582,1627739,Kris Dunn,1610612746,LA Clippers,4,4,45,Made Shot,Jump Shot,3PT Field Goal,Above the Break 3,Right Side Center(RC),24+ ft.,26,196,177,1,1,20241120,LAC,ORL,Guard
Shot Chart Detail,0022400274,25,1627739,Kris Dunn,1610612746,LA Clippers,1,9,6,Made Shot,Driving Floating Jump Shot,2PT Field Goal,In The Paint (Non-RA),Center(C),Less Than 8 ft.,7,53,53,1,1,20241124,PHI,LAC,Guard
Shot Chart Detail,0022400274,369,1627739,Kris Dunn,1610612746,LA Clippers,3,10,45,Made Shot,Putback Layup Shot,2PT Field Goal,Restricted Area,Center(C),Less Than 8 ft.,0,0,0,1,1,20241124,PHI,LAC,Guard
Shot Chart Detail,0022400274,395,1627739,Kris Dunn,1610612746,LA Clippers,3,8,6,Missed Shot,Driving Floating Jump Shot,2PT Field Goal,In The Paint (Non-RA),Center(C),8-16 ft.,11,-10,117,1,0,20241124,PHI,LAC,Guard
Shot Chart Detail,0022400274,419,1627739,Kris Dunn,1610612746,LA Clippers,3,6,16,Made Shot,Jump Shot,3PT Field Goal,Above the Break 3,Right Side Center(RC),24+ ft.,26,154,214,1,1,20241124,PHI,LAC,Guard
Shot Chart Detail,0022400274,447,1627739,Kris Dunn,1610612746,LA Clippers,3,3,56,Made Shot,Running Layup Shot,2PT Field Goal,Restricted Area,Center(C),Less Than 8 ft.,2,-15,22,1,1,20241124,PHI,LAC,Guard
Shot Chart Detail,0022400281,35,1627739,Kris Dunn,1610612746,LA Clippers,1,9,0,Missed Shot,Pullup Jump shot,2PT Field Goal,In The Paint (Non-RA),Center(C),Less Than 8 ft.,5,50,21,1,0,20241125,BOS,LAC,Guard
Shot Chart Detail,0022400281,50,1627739,Kris Dunn,1610612746,LA Clippers,1,8,6,Made Shot,Driving Floating Jump Shot,2PT Field Goal,In The Paint (Non-RA),Center(C),Less Than 8 ft.,5,28,53,1,1,20241125,BOS,LAC,Guard
Shot Chart Detail,0022400281,52,1627739,Kris Dunn,1610612746,LA Clippers,1,7,37,Missed Shot,Jump Shot,3PT Field Goal,Right Corner 3,Right Side(R),24+ ft.,22,225,21,1,0,20241125,BOS,LAC,Guard
Shot Chart Detail,0022400281,250,1627739,Kris Dunn,1610612746,LA Clippers,2,3,56,Missed Shot,Layup Shot,2PT Field Goal,In The Paint (Non-RA),Center(C),Less Than 8 ft.,5,49,15,1,0,20241125,BOS,LAC,Guard
Shot Chart Detail,0022400281,333,1627739,Kris Dunn,1610612746,LA Clippers,3,10,28,Missed Shot,Jump Shot,3PT Field Goal,Above the Break 3,Right Side Center(RC),24+ ft.,26,170,201,1,0,20241125,BOS,LAC,Guard
Shot Chart Detail,0022400291,221,1627739,Kris Dunn,1610612746,LA Clippers,2,6,33,Missed Shot,Jump Shot,3PT Field Goal,Left Corner 3,Left Side(L),24+ ft.,23,-239,8,1,0,20241127,WAS,LAC,Guard
Shot Chart Detail,0022400291,262,1627739,Kris Dunn,1610612746,LA Clippers,2,3,19,Missed Shot,Driving Floating Jump Shot,2PT Field Goal,Mid-Range,Right Side(R),8-16 ft.,10,89,64,1,0,20241127,WAS,LAC,Guard
Shot Chart Detail,0022400314,37,1627739,Kris Dunn,1610612746,LA Clippers,1,9,1,Missed Shot,Jump Shot,3PT Field Goal,Left Corner 3,Left Side(L),24+ ft.,24,-244,39,1,0,20241201,LAC,DEN,Guard
Shot Chart Detail,0022400314,233,1627739,Kris Dunn,1610612746,LA Clippers,2,5,54,Missed Shot,Pullup Jump shot,2PT Field Goal,Mid-Range,Center(C),16-24 ft.,19,20,194,1,0,20241201,LAC,DEN,Guard
Shot Chart Detail,0022400314,247,1627739,Kris Dunn,1610612746,LA Clippers,2,4,45,Made Shot,Driving Floating Jump Shot,2PT Field Goal,In The Paint (Non-RA),Center(C),8-16 ft.,11,-6,117,1,1,20241201,LAC,DEN,Guard
Shot Chart Detail,0022400314,346,1627739,Kris Dunn,1610612746,LA Clippers,3,8,8,Made Shot,Driving Floating Jump Shot,2PT Field Goal,In The Paint (Non-RA),Right Side(R),8-16 ft.,10,72,79,1,1,20241201,LAC,DEN,Guard
Shot Chart Detail,0022400314,360,1627739,Kris Dunn,1610612746,LA Clippers,3,7,4,Missed Shot,Jump Shot,3PT Field Goal,Above the Break 3,Center(C),24+ ft.,26,-1,265,1,0,20241201,LAC,DEN,Guard
Shot Chart Detail,0022400324,30,1627739,Kris Dunn,1610612746,LA Clippers,1,8,21,Missed Shot,Driving Floating Bank Jump Shot,2PT Field Goal,Restricted Area,Center(C),Less Than 8 ft.,3,-2,36,1,0,20241204,LAC,MIN,Guard
Shot Chart Detail,0022400324,85,1627739,Kris Dunn,1610612746,LA Clippers,1,3,26,Missed Shot,Running Jump Shot,3PT Field Goal,Above the Break 3,Left Side Center(LC),24+ ft.,25,-191,173,1,0,20241204,LAC,MIN,Guard
Shot Chart Detail,0022400324,179,1627739,Kris Dunn,1610612746,LA Clippers,2,9,8,Missed Shot,Running Finger Roll Layup Shot,2PT Field Goal,Restricted Area,Center(C),Less Than 8 ft.,2,-2,21,1,0,20241204,LAC,MIN,Guard
Shot Chart Detail,0022400324,199,1627739,Kris Dunn,1610612746,LA Clippers,2,7,51,Missed Shot,Jump Shot,3PT Field Goal,Left Corner 3,Left Side(L),24+ ft.,22,-224,-1,1,0,20241204,LAC,MIN,Guard
Shot Chart Detail,0022400324,214,1627739,Kris Dunn,1610612746,LA Clippers,2,6,39,Made Shot,Driving Finger Roll Layup Shot,2PT Field Goal,Restricted Area,Center(C),Less Than 8 ft.,0,-2,9,1,1,20241204,LAC,MIN,Guard
Shot Chart Detail,0022400324,321,1627739,Kris Dunn,1610612746,LA Clippers,3,10,9,Missed Shot,Jump Shot,3PT Field Goal,Above the Break 3,Center(C),24+ ft.,28,-27,280,1,0,20241204,LAC,MIN,Guard
Shot Chart Detail,0022400324,353,1627739,Kris Dunn,1610612746,LA Clippers,3,6,51,Missed Shot,Driving Floating Jump Shot,2PT Field Goal,In The Paint (Non-RA),Center(C),8-16 ft.,11,1,110,1,0,20241204,LAC,MIN,Guard
Shot Chart Detail,0022400324,384,1627739,Kris Dunn,1610612746,LA Clippers,3,4,43,Missed Shot,Pullup Jump shot,2PT Field Goal,Mid-Range,Center(C),16-24 ft.,17,-50,164,1,0,20241204,LAC,MIN,Guard
Shot Chart Detail,0022400356,7,1627739,Kris Dunn,1610612746,LA Clippers,1,11,42,Made Shot,Jump Shot,3PT Field Goal,Above the Break 3,Left Side Center(LC),24+ ft.,25,-146,210,1,1,20241208,LAC,HOU,Guard
Shot Chart Detail,0022400356,16,1627739,Kris Dunn,1610612746,LA Clippers,1,9,48,Made Shot,Driving Floating Jump Shot,2PT Field Goal,In The Paint (Non-RA),Center(C),Less Than 8 ft.,5,47,20,1,1,20241208,LAC,HOU,Guard
Shot Chart Detail,0022400356,36,1627739,Kris Dunn,1610612746,LA Clippers,1,7,29,Made Shot,Driving Floating Jump Shot,2PT Field Goal,In The Paint (Non-RA),Center(C),8-16 ft.,13,49,122,1,1,20241208,LAC,HOU,Guard
Shot Chart Detail,0022400356,43,1627739,Kris Dunn,1610612746,LA Clippers,1,6,40,Missed Shot,Jump Shot,3PT Field Goal,Above the Break 3,Left Side Center(LC),24+ ft.,27,-191,199,1,0,20241208,LAC,HOU,Guard
Shot Chart Detail,0022400356,48,1627739,Kris Dunn,1610612746,LA Clippers,1,6,8,Missed Shot,Jump Shot,3PT Field Goal,Above the Break 3,Left Side Center(LC),24+ ft.,28,-162,232,1,0,20241208,LAC,HOU,Guard
Shot Chart Detail,0022400356,174,1627739,Kris Dunn,1610612746,LA Clippers,2,9,20,Missed Shot,Jump Shot,3PT Field Goal,Above the Break 3,Left Side Center(LC),24+ ft.,27,-199,194,1,0,20241208,LAC,HOU,Guard
Shot Chart Detail,0022400356,225,1627739,Kris Dunn,1610612746,LA Clippers,2,5,25,Missed Shot,Driving Floating Jump Shot,2PT Field Goal,In The Paint (Non-RA),Center(C),Less Than 8 ft.,6,2,67,1,0,20241208,LAC,HOU,Guard
Shot Chart Detail,0022400356,320,1627739,Kris Dunn,1610612746,LA Clippers,3,10,58,Missed Shot,Driving Floating Bank Jump Shot,2PT Field Goal,Restricted Area,Center(C),Less Than 8 ft.,3,28,27,1,0,20241208,LAC,HOU,Guard
Shot Chart Detail,0022400356,352,1627739,Kris Dunn,1610612746,LA Clippers,3,8,5,Made Shot,Running Layup Shot,2PT Field Goal,Restricted Area,Center(C),Less Than 8 ft.,0,5,3,1,1,20241208,LAC,HOU,Guard
Shot Chart Detail,0022400356,358,1627739,Kris Dunn,1610612746,LA Clippers,3,7,39,Missed Shot,Jump Shot,3PT Field Goal,Above the Break 3,Left Side Center(LC),24+ ft.,25,-179,176,1,0,20241208,LAC,HOU,Guard
Shot Chart Detail,0022400368,14,1627739,Kris Dunn,1610612746,LA Clippers,1,11,10,Made Shot,Jump Shot,3PT Field Goal,Right Corner 3,Right Side(R),24+ ft.,22,227,7,1,1,20241219,DAL,LAC,Guard
Shot Chart Detail,0022400368,100,1627739,Kris Dunn,1610612746,LA Clippers,1,4,24,Missed Shot,Driving Hook Shot,2PT Field Goal,Restricted Area,Center(C),Less Than 8 ft.,3,11,36,1,0,20241219,DAL,LAC,Guard
Shot Chart Detail,0022400368,229,1627739,Kris Dunn,1610612746,LA Clippers,2,8,16,Missed Shot,Driving Floating Jump Shot,2PT Field Goal,In The Paint (Non-RA),Center(C),Less Than 8 ft.,7,-22,74,1,0,20241219,DAL,LAC,Guard
Shot Chart Detail,0022400368,268,1627739,Kris Dunn,1610612746,LA Clippers,2,5,15,Missed Shot,Jump Shot,3PT Field Goal,Above the Break 3,Right Side Center(RC),24+ ft.,25,222,116,1,0,20241219,DAL,LAC,Guard
Shot Chart Detail,0022400368,300,1627739,Kris Dunn,1610612746,LA Clippers,2,2,17,Missed Shot,Jump Shot,3PT Field Goal,Right Corner 3,Right Side(R),24+ ft.,22,227,21,1,0,20241219,DAL,LAC,Guard
Shot Chart Detail,0022400385,74,1627739,Kris Dunn,1610612746,LA Clippers,1,6,1,Missed Shot,Step Back Jump shot,2PT Field Goal,Mid-Range,Right Side(R),16-24 ft.,21,178,115,1,0,20241221,DAL,LAC,Guard
Shot Chart Detail,0022400385,82,1627739,Kris Dunn,1610612746,LA Clippers,1,5,8,Missed Shot,Running Jump Shot,3PT Field Goal,Above the Break 3,Left Side Center(LC),24+ ft.,26,-195,179,1,0,20241221,DAL,LAC,Guard
Shot Chart Detail,0022400385,241,1627739,Kris Dunn,1610612746,LA Clippers,2,5,44,Missed Shot,Jump Shot,3PT Field Goal,Right Corner 3,Right Side(R),24+ ft.,22,224,47,1,0,20241221,DAL,LAC,Guard
Shot Chart Detail,0022400385,353,1627739,Kris Dunn,1610612746,LA Clippers,3,9,36,Made Shot,Jump Shot,3PT Field Goal,Above the Break 3,Left Side Center(LC),24+ ft.,26,-183,197,1,1,20241221,DAL,LAC,Guard
Shot Chart Detail,0022400385,420,1627739,Kris Dunn,1610612746,LA Clippers,3,4,25,Made Shot,Jump Shot,3PT Field Goal,Above the Break 3,Left Side Center(LC),24+ ft.,25,-152,205,1,1,20241221,DAL,LAC,Guard
Shot Chart Detail,0022400385,534,1627739,Kris Dunn,1610612746,LA Clippers,4,7,34,Made Shot,Jump Shot,3PT Field Goal,Right Corner 3,Right Side(R),24+ ft.,23,235,37,1,1,20241221,DAL,LAC,Guard
Shot Chart Detail,0022400385,617,1627739,Kris Dunn,1610612746,LA Clippers,4,1,51,Missed Shot,Jump Shot,3PT Field Goal,Above the Break 3,Center(C),24+ ft.,25,-23,257,1,0,20241221,DAL,LAC,Guard
Shot Chart Detail,0022400399,53,1627739,Kris Dunn,1610612746,LA Clippers,1,7,14,Made Shot,Driving Floating Jump Shot,2PT Field Goal,In The Paint (Non-RA),Center(C),8-16 ft.,12,-9,124,1,1,20241223,MEM,LAC,Guard
Shot Chart Detail,0022400399,309,1627739,Kris Dunn,1610612746,LA Clippers,2,3,56,Missed Shot,Putback Layup Shot,2PT Field Goal,Restricted Area,Center(C),Less Than 8 ft.,0,0,0,1,0,20241223,MEM,LAC,Guard
Shot Chart Detail,0022400399,318,1627739,Kris Dunn,1610612746,LA Clippers,2,2,35,Missed Shot,Driving Floating Jump Shot,2PT Field Goal,In The Paint (Non-RA),Center(C),8-16 ft.,8,9,87,1,0,20241223,MEM,LAC,Guard
Shot Chart Detail,0022400399,396,1627739,Kris Dunn,1610612746,LA Clippers,3,10,5,Missed Shot,Running Finger Roll Layup Shot,2PT Field Goal,Restricted Area,Center(C),Less Than 8 ft.,3,16,26,1,0,20241223,MEM,LAC,Guard
Shot Chart Detail,0022400399,432,1627739,Kris Dunn,1610612746,LA Clippers,3,7,58,Made Shot,Driving Floating Jump Shot,2PT Field Goal,In The Paint (Non-RA),Center(C),Less Than 8 ft.,6,-7,64,1,1,20241223,MEM,LAC,Guard
Shot Chart Detail,0022400399,501,1627739,Kris Dunn,1610612746,LA Clippers,3,4,30,Made Shot,Jump Shot,3PT Field Goal,Above the Break 3,Right Side Center(RC),24+ ft.,25,116,230,1,1,20241223,MEM,LAC,Guard
Shot Chart Detail,0022400399,505,1627739,Kris Dunn,1610612746,LA Clippers,3,3,56,Missed Shot,Driving Floating Jump Shot,2PT Field Goal,In The Paint (Non-RA),Center(C),Less Than 8 ft.,4,10,43,1,0,20241223,MEM,LAC,Guard
Shot Chart Detail,0022400399,735,1627739,Kris Dunn,1610612746,LA Clippers,4,1,31,Missed Shot,Jump Shot,3PT Field Goal,Right Corner 3,Right Side(R),24+ ft.,23,232,18,1,0,20241223,MEM,LAC,Guard
Shot Chart Detail,0022400399,740,1627739,Kris Dunn,1610612746,LA Clippers,4,0,59,Missed Shot,Jump Shot,3PT Field Goal,Right Corner 3,Right Side(R),24+ ft.,22,229,6,1,0,20241223,MEM,LAC,Guard
Shot Chart Detail,0022400426,18,1627739,Kris Dunn,1610612746,LA Clippers,1,10,12,Missed Shot,Pullup Jump shot,3PT Field Goal,Above the Break 3,Right Side Center(RC),24+ ft.,27,140,236,1,0,20241227,LAC,GSW,Guard
Shot Chart Detail,0022400426,33,1627739,Kris Dunn,1610612746,LA Clippers,1,8,57,Made Shot,Driving Floating Bank Jump Shot,2PT Field Goal,In The Paint (Non-RA),Center(C),Less Than 8 ft.,6,51,46,1,1,20241227,LAC,GSW,Guard
Shot Chart Detail,0022400426,48,1627739,Kris Dunn,1610612746,LA Clippers,1,7,24,Made Shot,Jump Shot,3PT Field Goal,Left Corner 3,Left Side(L),24+ ft.,24,-239,59,1,1,20241227,LAC,GSW,Guard
Shot Chart Detail,0022400426,155,1627739,Kris Dunn,1610612746,LA Clippers,2,11,26,Made Shot,Driving Reverse Layup Shot,2PT Field Goal,In The Paint (Non-RA),Center(C),Less Than 8 ft.,5,-42,28,1,1,20241227,LAC,GSW,Guard
Shot Chart Detail,0022400426,181,1627739,Kris Dunn,1610612746,LA Clippers,2,9,7,Made Shot,Running Layup Shot,2PT Field Goal,Restricted Area,Center(C),Less Than 8 ft.,1,6,8,1,1,20241227,LAC,GSW,Guard
Shot Chart Detail,0022400426,226,1627739,Kris Dunn,1610612746,LA Clippers,2,6,5,Missed Shot,Jump Shot,3PT Field Goal,Above the Break 3,Left Side Center(LC),24+ ft.,26,-159,216,1,0,20241227,LAC,GSW,Guard
Shot Chart Detail,0022400426,253,1627739,Kris Dunn,1610612746,LA Clippers,2,4,5,Missed Shot,Jump Shot,3PT Field Goal,Above the Break 3,Right Side Center(RC),24+ ft.,26,130,236,1,0,20241227,LAC,GSW,Guard
Shot Chart Detail,0022400426,409,1627739,Kris Dunn,1610612746,LA Clippers,3,3,17,Made Shot,Jump Shot,3PT Field Goal,Above the Break 3,Left Side Center(LC),24+ ft.,25,-167,190,1,1,20241227,LAC,GSW,Guard
Shot Chart Detail,0022400444,14,1627739,Kris Dunn,1610612746,LA Clippers,1,10,38,Missed Shot,Jump Shot,3PT Field Goal,Above the Break 3,Center(C),24+ ft.,25,32,253,1,0,20241230,NOP,LAC,Guard
Shot Chart Detail,0022400444,38,1627739,Kris Dunn,1610612746,LA Clippers,1,8,43,Missed Shot,Jump Shot,3PT Field Goal,Above the Break 3,Right Side Center(RC),24+ ft.,25,82,243,1,0,20241230,NOP,LAC,Guard
Shot Chart Detail,0022400444,55,1627739,Kris Dunn,1610612746,LA Clippers,1,6,53,Made Shot,Running Dunk Shot,2PT Field Goal,Restricted Area,Center(C),Less Than 8 ft.,1,4,13,1,1,20241230,NOP,LAC,Guard
Shot Chart Detail,0022400444,221,1627739,Kris Dunn,1610612746,LA Clippers,2,6,53,Missed Shot,Jump Shot,3PT Field Goal,Left Corner 3,Left Side(L),24+ ft.,23,-234,12,1,0,20241230,NOP,LAC,Guard
Shot Chart Detail,0022400444,271,1627739,Kris Dunn,1610612746,LA Clippers,2,2,55,Made Shot,Putback Layup Shot,2PT Field Goal,Restricted Area,Center(C),Less Than 8 ft.,0,0,0,1,1,20241230,NOP,LAC,Guard
Shot Chart Detail,0022400444,300,1627739,Kris Dunn,1610612746,LA Clippers,2,0,44,Made Shot,Jump Shot,3PT Field Goal,Left Corner 3,Left Side(L),24+ ft.,22,-224,8,1,1,20241230,NOP,LAC,Guard
Shot Chart Detail,0022400444,595,1627739,Kris Dunn,1610612746,LA Clippers,4,3,7,Missed Shot,Jump Shot,3PT Field Goal,Above the Break 3,Right Side Center(RC),24+ ft.,25,118,224,1,0,20241230,NOP,LAC,Guard
Shot Chart Detail,0022400451,22,1627739,Kris Dunn,1610612746,LA Clippers,1,10,14,Missed Shot,Floating Jump shot,2PT Field Goal,In The Paint (Non-RA),Center(C),8-16 ft.,8,2,89,1,0,20241231,SAS,LAC,Guard
Shot Chart Detail,0022400451,66,1627739,Kris Dunn,1610612746,LA Clippers,1,6,30,Missed Shot,Jump Shot,3PT Field Goal,Above the Break 3,Right Side Center(RC),24+ ft.,25,183,179,1,0,20241231,SAS,LAC,Guard
Shot Chart Detail,0022400451,77,1627739,Kris Dunn,1610612746,LA Clippers,1,4,52,Made Shot,Jump Shot,3PT Field Goal,Above the Break 3,Left Side Center(LC),24+ ft.,26,-136,231,1,1,20241231,SAS,LAC,Guard
Shot Chart Detail,0022400451,202,1627739,Kris Dunn,1610612746,LA Clippers,2,7,33,Made Shot,Driving Floating Jump Shot,2PT Field Goal,In The Paint (Non-RA),Center(C),Less Than 8 ft.,5,5,58,1,1,20241231,SAS,LAC,Guard
Shot Chart Detail,0022400451,205,1627739,Kris Dunn,1610612746,LA Clippers,2,7,11,Made Shot,Running Finger Roll Layup Shot,2PT Field Goal,Restricted Area,Center(C),Less Than 8 ft.,0,5,2,1,1,20241231,SAS,LAC,Guard
Shot Chart Detail,0022400451,275,1627739,Kris Dunn,1610612746,LA Clippers,2,2,29,Missed Shot,Jump Shot,3PT Field Goal,Left Corner 3,Left Side(L),24+ ft.,22,-227,10,1,0,20241231,SAS,LAC,Guard
Shot Chart Detail,0022400466,20,1627739,Kris Dunn,1610612746,LA Clippers,1,10,36,Missed Shot,Pullup Jump shot,2PT Field Goal,In The Paint (Non-RA),Right Side(R),8-16 ft.,10,71,74,1,0,20250102,OKC,LAC,Guard
Shot Chart Detail,0022400466,53,1627739,Kris Dunn,1610612746,LA Clippers,1,7,34,Made Shot,Pullup Jump shot,2PT Field Goal,In The Paint (Non-RA),Center(C),Less Than 8 ft.,7,-57,56,1,1,20250102,OKC,LAC,Guard
Shot Chart Detail,0022400466,56,1627739,Kris Dunn,1610612746,LA Clippers,1,7,3,Made Shot,Jump Shot,3PT Field Goal,Above the Break 3,Left Side Center(LC),24+ ft.,26,-151,214,1,1,20250102,OKC,LAC,Guard
Shot Chart Detail,0022400466,68,1627739,Kris Dunn,1610612746,LA Clippers,1,5,52,Missed Shot,Driving Reverse Layup Shot,2PT Field Goal,Restricted Area,Center(C),Less Than 8 ft.,3,10,31,1,0,20250102,OKC,LAC,Guard
Shot Chart Detail,0022400466,257,1627739,Kris Dunn,1610612746,LA Clippers,2,3,3,Missed Shot,Jump Shot,3PT Field Goal,Left Corner 3,Left Side(L),24+ ft.,23,-234,19,1,0,20250102,OKC,LAC,Guard
Shot Chart Detail,0022400466,405,1627739,Kris Dunn,1610612746,LA Clippers,3,4,32,Made Shot,Jump Shot,3PT Field Goal,Above the Break 3,Left Side Center(LC),24+ ft.,25,-113,228,1,1,20250102,OKC,LAC,Guard
Shot Chart Detail,0022400466,412,1627739,Kris Dunn,1610612746,LA Clippers,3,3,27,Missed Shot,Pullup Jump shot,2PT Field Goal,In The Paint (Non-RA),Center(C),Less Than 8 ft.,7,-12,72,1,0,20250102,OKC,LAC,Guard
Shot Chart Detail,0022400486,11,1627739,Kris Dunn,1610612746,LA Clippers,1,11,15,Missed Shot,Driving Floating Bank Jump Shot,2PT Field Goal,Restricted Area,Center(C),Less Than 8 ft.,3,11,32,1,0,20250104,LAC,ATL,Guard
Shot Chart Detail,0022400486,50,1627739,Kris Dunn,1610612746,LA Clippers,1,7,51,Made Shot,Running Layup Shot,2PT Field Goal,Restricted Area,Center(C),Less Than 8 ft.,3,31,25,1,1,20250104,LAC,ATL,Guard
Shot Chart Detail,0022400500,43,1627739,Kris Dunn,1610612746,LA Clippers,1,9,4,Made Shot,Driving Hook Shot,2PT Field Goal,In The Paint (Non-RA),Center(C),Less Than 8 ft.,5,-40,41,1,1,20250106,MIN,LAC,Guard
Shot Chart Detail,0022400500,101,1627739,Kris Dunn,1610612746,LA Clippers,1,4,34,Missed Shot,Jump Shot,3PT Field Goal,Above the Break 3,Left Side Center(LC),24+ ft.,24,-108,221,1,0,20250106,MIN,LAC,Guard
Shot Chart Detail,0022400500,254,1627739,Kris Dunn,1610612746,LA Clippers,2,4,27,Missed Shot,Jump Shot,3PT Field Goal,Above the Break 3,Center(C),24+ ft.,24,-21,246,1,0,20250106,MIN,LAC,Guard
Shot Chart Detail,0022400500,353,1627739,Kris Dunn,1610612746,LA Clippers,3,8,56,Missed Shot,Jump Shot,3PT Field Goal,Left Corner 3,Left Side(L),24+ ft.,22,-227,32,1,0,20250106,MIN,LAC,Guard
Shot Chart Detail,0022400500,356,1627739,Kris Dunn,1610612746,LA Clippers,3,8,32,Missed Shot,Jump Shot,3PT Field Goal,Left Corner 3,Left Side(L),24+ ft.,22,-225,25,1,0,20250106,MIN,LAC,Guard
Shot Chart Detail,0022400515,212,1627739,Kris Dunn,1610612746,LA Clippers,2,8,3,Missed Shot,Jump Shot,3PT Field Goal,Above the Break 3,Right Side Center(RC),24+ ft.,25,80,242,1,0,20250108,DEN,LAC,Guard
Shot Chart Detail,0022400553,20,1627739,Kris Dunn,1610612746,LA Clippers,1,9,56,Made Shot,Driving Layup Shot,2PT Field Goal,Restricted Area,Center(C),Less Than 8 ft.,3,-10,33,1,1,20250113,LAC,MIA,Guard
Shot Chart Detail,0022400553,229,1627739,Kris Dunn,1610612746,LA Clippers,2,4,58,Missed Shot,Running Jump Shot,3PT Field Goal,Left Corner 3,Left Side(L),24+ ft.,24,-232,68,1,0,20250113,LAC,MIA,Guard
Shot Chart Detail,0022400553,253,1627739,Kris Dunn,1610612746,LA Clippers,2,3,2,Missed Shot,Jump Shot,3PT Field Goal,Above the Break 3,Right Side Center(RC),24+ ft.,26,112,238,1,0,20250113,LAC,MIA,Guard
Shot Chart Detail,0022400553,268,1627739,Kris Dunn,1610612746,LA Clippers,2,1,41,Missed Shot,Jump Shot,3PT Field Goal,Above the Break 3,Right Side Center(RC),24+ ft.,26,225,141,1,0,20250113,LAC,MIA,Guard
Shot Chart Detail,0022400553,280,1627739,Kris Dunn,1610612746,LA Clippers,2,0,4,Missed Shot,Jump Shot,3PT Field Goal,Above the Break 3,Center(C),24+ ft.,28,-51,283,1,0,20250113,LAC,MIA,Guard
Shot Chart Detail,0022400553,291,1627739,Kris Dunn,1610612746,LA Clippers,3,10,58,Missed Shot,Turnaround Jump Shot,2PT Field Goal,In The Paint (Non-RA),Center(C),Less Than 8 ft.,4,-1,45,1,0,20250113,LAC,MIA,Guard
Shot Chart Detail,0022400553,300,1627739,Kris Dunn,1610612746,LA Clippers,3,9,59,Missed Shot,Jump Shot,3PT Field Goal,Right Corner 3,Right Side(R),24+ ft.,24,234,62,1,0,20250113,LAC,MIA,Guard
Shot Chart Detail,0022400553,351,1627739,Kris Dunn,1610612746,LA Clippers,3,5,42,Missed Shot,Pullup Jump shot,2PT Field Goal,In The Paint (Non-RA),Center(C),Less Than 8 ft.,7,50,58,1,0,20250113,LAC,MIA,Guard
Shot Chart Detail,0022400553,377,1627739,Kris Dunn,1610612746,LA Clippers,3,3,31,Missed Shot,Jump Shot,3PT Field Goal,Above the Break 3,Left Side Center(LC),24+ ft.,26,-110,241,1,0,20250113,LAC,MIA,Guard
Shot Chart Detail,0022400553,380,1627739,Kris Dunn,1610612746,LA Clippers,3,3,3,Missed Shot,Floating Jump shot,2PT Field Goal,In The Paint (Non-RA),Center(C),Less Than 8 ft.,5,-10,52,1,0,20250113,LAC,MIA,Guard
Shot Chart Detail,0022400571,127,1627739,Kris Dunn,1610612746,LA Clippers,1,1,39,Missed Shot,Jump Shot,3PT Field Goal,Above the Break 3,Right Side Center(RC),24+ ft.,29,146,254,1,0,20250115,LAC,BKN,Guard
Shot Chart Detail,0022400571,129,1627739,Kris Dunn,1610612746,LA Clippers,1,1,25,Missed Shot,Jump Shot,3PT Field Goal,Right Corner 3,Right Side(R),24+ ft.,23,228,60,1,0,20250115,LAC,BKN,Guard
Shot Chart Detail,0022400571,162,1627739,Kris Dunn,1610612746,LA Clippers,2,11,23,Missed Shot,Jump Shot,3PT Field Goal,Left Corner 3,Left Side(L),24+ ft.,23,-234,36,1,0,20250115,LAC,BKN,Guard
Shot Chart Detail,0022400575,26,1627739,Kris Dunn,1610612746,LA Clippers,1,9,23,Made Shot,Jump Shot,3PT Field Goal,Left Corner 3,Left Side(L),24+ ft.,23,-235,13,1,1,20250116,POR,LAC,Guard
Shot Chart Detail,0022400575,64,1627739,Kris Dunn,1610612746,LA Clippers,1,5,11,Missed Shot,Driving Floating Jump Shot,2PT Field Goal,In The Paint (Non-RA),Center(C),Less Than 8 ft.,5,37,43,1,0,20250116,POR,LAC,Guard
Shot Chart Detail,0022400575,316,1627739,Kris Dunn,1610612746,LA Clippers,3,11,7,Made Shot,Running Layup Shot,2PT Field Goal,Restricted Area,Center(C),Less Than 8 ft.,1,16,8,1,1,20250116,POR,LAC,Guard
Shot Chart Detail,0022400575,344,1627739,Kris Dunn,1610612746,LA Clippers,3,9,23,Made Shot,Pullup Jump shot,2PT Field Goal,In The Paint (Non-RA),Center(C),8-16 ft.,13,65,116,1,1,20250116,POR,LAC,Guard
Shot Chart Detail,0022400596,90,1627739,Kris Dunn,1610612746,LA Clippers,1,3,54,Missed Shot,Step Back Jump shot,3PT Field Goal,Left Corner 3,Left Side(L),24+ ft.,23,-225,59,1,0,20250119,LAC,LAL,Guard
Shot Chart Detail,0022400596,114,1627739,Kris Dunn,1610612746,LA Clippers,1,1,58,Missed Shot,Jump Shot,3PT Field Goal,Above the Break 3,Left Side Center(LC),24+ ft.,28,-202,195,1,0,20250119,LAC,LAL,Guard
Shot Chart Detail,0022400611,324,1627739,Kris Dunn,1610612746,LA Clippers,3,10,43,Made Shot,Running Reverse Layup Shot,2PT Field Goal,Restricted Area,Center(C),Less Than 8 ft.,3,-25,18,1,1,20250120,LAC,CHI,Guard
Shot Chart Detail,0022400715,115,1627739,Kris Dunn,1610612746,LA Clippers,1,2,19,Made Shot,Turnaround Jump Shot,2PT Field Goal,In The Paint (Non-RA),Center(C),Less Than 8 ft.,6,-17,67,1,1,20250204,LAC,LAL,Guard
Shot Chart Detail,0022400715,270,1627739,Kris Dunn,1610612746,LA Clippers,2,3,13,Missed Shot,Jump Shot,3PT Field Goal,Above the Break 3,Left Side Center(LC),24+ ft.,27,-230,142,1,0,20250204,LAC,LAL,Guard
Shot Chart Detail,0022400715,310,1627739,Kris Dunn,1610612746,LA Clippers,2,0,0,Missed Shot,Pullup Jump shot,3PT Field Goal,Backcourt,Back Court(BC),Back Court Shot,56,-77,564,1,0,20250204,LAC,LAL,Guard
Shot Chart Detail,0022400715,435,1627739,Kris Dunn,1610612746,LA Clippers,3,3,18,Missed Shot,Jump Shot,3PT Field Goal,Left Corner 3,Left Side(L),24+ ft.,22,-224,27,1,0,20250204,LAC,LAL,Guard
Shot Chart Detail,0022400715,516,1627739,Kris Dunn,1610612746,LA Clippers,4,9,17,Missed Shot,Jump Shot,3PT Field Goal,Above the Break 3,Left Side Center(LC),24+ ft.,24,-199,145,1,0,20250204,LAC,LAL,Guard
Shot Chart Detail,0022400733,163,1627739,Kris Dunn,1610612746,LA Clippers,2,11,33,Missed Shot,Driving Floating Jump Shot,2PT Field Goal,Restricted Area,Center(C),Less Than 8 ft.,3,31,22,1,0,20250206,LAC,IND,Guard
Shot Chart Detail,0022400733,208,1627739,Kris Dunn,1610612746,LA Clippers,2,7,46,Missed Shot,Running Layup Shot,2PT Field Goal,Restricted Area,Center(C),Less Than 8 ft.,2,-23,15,1,0,20250206,LAC,IND,Guard
Shot Chart Detail,0022400733,420,1627739,Kris Dunn,1610612746,LA Clippers,3,4,13,Missed Shot,Driving Floating Jump Shot,2PT Field Goal,In The Paint (Non-RA),Center(C),8-16 ft.,14,58,129,1,0,20250206,LAC,IND,Guard
Shot Chart Detail,0022400733,445,1627739,Kris Dunn,1610612746,LA Clippers,3,2,30,Missed Shot,Driving Floating Jump Shot,2PT Field Goal,In The Paint (Non-RA),Center(C),8-16 ft.,8,36,75,1,0,20250206,LAC,IND,Guard
Shot Chart Detail,0022400733,520,1627739,Kris Dunn,1610612746,LA Clippers,4,9,11,Missed Shot,Jump Shot,3PT Field Goal,Above the Break 3,Left Side Center(LC),24+ ft.,24,-207,134,1,0,20250206,LAC,IND,Guard
Shot Chart Detail,0022400751,287,1627739,Kris Dunn,1610612746,LA Clippers,2,2,46,Made Shot,Jump Shot,3PT Field Goal,Right Corner 3,Right Side(R),24+ ft.,25,240,75,1,1,20250208,LAC,UTA,Guard
Shot Chart Detail,0022400783,10,1627739,Kris Dunn,1610612746,LA Clippers,1,11,22,Missed Shot,Driving Layup Shot,2PT Field Goal,In The Paint (Non-RA),Center(C),Less Than 8 ft.,7,-12,75,1,0,20250212,LAC,MEM,Guard
Shot Chart Detail,0022400783,21,1627739,Kris Dunn,1610612746,LA Clippers,1,10,37,Made Shot,Running Dunk Shot,2PT Field Goal,Restricted Area,Center(C),Less Than 8 ft.,3,30,24,1,1,20250212,LAC,MEM,Guard
Shot Chart Detail,0022400783,38,1627739,Kris Dunn,1610612746,LA Clippers,1,9,21,Made Shot,Jump Shot,3PT Field Goal,Left Corner 3,Left Side(L),24+ ft.,22,-227,14,1,1,20250212,LAC,MEM,Guard
Shot Chart Detail,0022400783,287,1627739,Kris Dunn,1610612746,LA Clippers,2,4,6,Made Shot,Jump Shot,3PT Field Goal,Above the Break 3,Right Side Center(RC),24+ ft.,26,148,222,1,1,20250212,LAC,MEM,Guard
Shot Chart Detail,0022400783,389,1627739,Kris Dunn,1610612746,LA Clippers,3,8,40,Made Shot,Jump Shot,3PT Field Goal,Right Corner 3,Right Side(R),24+ ft.,23,234,-3,1,1,20250212,LAC,MEM,Guard
Shot Chart Detail,0022400783,411,1627739,Kris Dunn,1610612746,LA Clippers,3,6,42,Made Shot,Jump Shot,3PT Field Goal,Left Corner 3,Left Side(L),24+ ft.,22,-228,29,1,1,20250212,LAC,MEM,Guard
Shot Chart Detail,0022400793,22,1627739,Kris Dunn,1610612746,LA Clippers,1,10,23,Made Shot,Driving Floating Jump Shot,2PT Field Goal,In The Paint (Non-RA),Right Side(R),8-16 ft.,8,61,56,1,1,20250220,MIL,LAC,Guard
Shot Chart Detail,0022400793,278,1627739,Kris Dunn,1610612746,LA Clippers,2,0,41,Missed Shot,Floating Jump shot,2PT Field Goal,In The Paint (Non-RA),Center(C),8-16 ft.,11,43,106,1,0,20250220,MIL,LAC,Guard
Shot Chart Detail,0022400793,574,1627739,Kris Dunn,1610612746,LA Clippers,4,4,51,Made Shot,Pullup Jump shot,3PT Field Goal,Above the Break 3,Right Side Center(RC),24+ ft.,26,89,254,1,1,20250220,MIL,LAC,Guard
Shot Chart Detail,0022400793,588,1627739,Kris Dunn,1610612746,LA Clippers,4,3,21,Missed Shot,Driving Floating Jump Shot,2PT Field Goal,In The Paint (Non-RA),Center(C),Less Than 8 ft.,6,28,64,1,0,20250220,MIL,LAC,Guard
Shot Chart Detail,0022400793,604,1627739,Kris Dunn,1610612746,LA Clippers,4,2,39,Missed Shot,Driving Floating Bank Jump Shot,2PT Field Goal,In The Paint (Non-RA),Left Side(L),8-16 ft.,10,-67,79,1,0,20250220,MIL,LAC,Guard
Shot Chart Detail,0022400813,19,1627739,Kris Dunn,1610612746,LA Clippers,1,10,31,Missed Shot,Jump Shot,3PT Field Goal,Above the Break 3,Right Side Center(RC),24+ ft.,24,172,181,1,0,20250223,IND,LAC,Guard
Shot Chart Detail,0022400813,54,1627739,Kris Dunn,1610612746,LA Clippers,1,6,44,Made Shot,Turnaround Jump Shot,2PT Field Goal,In The Paint (Non-RA),Center(C),8-16 ft.,11,2,110,1,1,20250223,IND,LAC,Guard
Shot Chart Detail,0022400813,240,1627739,Kris Dunn,1610612746,LA Clippers,2,5,32,Missed Shot,Jump Shot,3PT Field Goal,Above the Break 3,Left Side Center(LC),24+ ft.,28,-164,237,1,0,20250223,IND,LAC,Guard
Shot Chart Detail,0022400813,365,1627739,Kris Dunn,1610612746,LA Clippers,3,9,31,Missed Shot,Jump Shot,3PT Field Goal,Above the Break 3,Right Side Center(RC),24+ ft.,27,178,205,1,0,20250223,IND,LAC,Guard
Shot Chart Detail,0022400813,420,1627739,Kris Dunn,1610612746,LA Clippers,3,6,15,Missed Shot,Jump Shot,3PT Field Goal,Above the Break 3,Left Side Center(LC),24+ ft.,25,-221,122,1,0,20250223,IND,LAC,Guard
Shot Chart Detail,0022400813,583,1627739,Kris Dunn,1610612746,LA Clippers,4,6,58,Missed Shot,Jump Shot,3PT Field Goal,Left Corner 3,Left Side(L),24+ ft.,23,-235,-4,1,0,20250223,IND,LAC,Guard
Shot Chart Detail,0022400813,596,1627739,Kris Dunn,1610612746,LA Clippers,4,6,29,Made Shot,Driving Layup Shot,2PT Field Goal,Restricted Area,Center(C),Less Than 8 ft.,2,12,20,1,1,20250223,IND,LAC,Guard
Shot Chart Detail,0022400821,44,1627739,Kris Dunn,1610612746,LA Clippers,1,8,21,Missed Shot,Running Jump Shot,3PT Field Goal,Above the Break 3,Right Side Center(RC),24+ ft.,25,134,220,1,0,20250224,DET,LAC,Guard
Shot Chart Detail,0022400821,51,1627739,Kris Dunn,1610612746,LA Clippers,1,7,35,Made Shot,Driving Layup Shot,2PT Field Goal,Restricted Area,Center(C),Less Than 8 ft.,3,-33,2,1,1,20250224,DET,LAC,Guard
Shot Chart Detail,0022400821,89,1627739,Kris Dunn,1610612746,LA Clippers,1,4,20,Made Shot,Running Layup Shot,2PT Field Goal,Restricted Area,Center(C),Less Than 8 ft.,3,-37,-6,1,1,20250224,DET,LAC,Guard
Shot Chart Detail,0022400821,170,1627739,Kris Dunn,1610612746,LA Clippers,2,10,13,Made Shot,Turnaround Hook Shot,2PT Field Goal,In The Paint (Non-RA),Center(C),Less Than 8 ft.,4,-4,48,1,1,20250224,DET,LAC,Guard
Shot Chart Detail,0022400821,210,1627739,Kris Dunn,1610612746,LA Clippers,2,8,4,Made Shot,Running Layup Shot,2PT Field Goal,Restricted Area,Center(C),Less Than 8 ft.,3,32,2,1,1,20250224,DET,LAC,Guard
Shot Chart Detail,0022400821,246,1627739,Kris Dunn,1610612746,LA Clippers,2,5,54,Made Shot,Jump Shot,3PT Field Goal,Left Corner 3,Left Side(L),24+ ft.,24,-243,47,1,1,20250224,DET,LAC,Guard
Shot Chart Detail,0022400821,255,1627739,Kris Dunn,1610612746,LA Clippers,2,5,10,Missed Shot,Driving Floating Jump Shot,2PT Field Goal,In The Paint (Non-RA),Center(C),Less Than 8 ft.,6,18,59,1,0,20250224,DET,LAC,Guard
Shot Chart Detail,0022400821,392,1627739,Kris Dunn,1610612746,LA Clippers,3,7,51,Missed Shot,Jump Shot,3PT Field Goal,Above the Break 3,Center(C),24+ ft.,27,20,277,1,0,20250224,DET,LAC,Guard
Shot Chart Detail,0022400821,682,1627739,Kris Dunn,1610612746,LA Clippers,4,1,44,Missed Shot,Jump Shot,3PT Field Goal,Above the Break 3,Right Side Center(RC),24+ ft.,29,164,242,1,0,20250224,DET,LAC,Guard
Shot Chart Detail,0022400821,711,1627739,Kris Dunn,1610612746,LA Clippers,4,0,2,Made Shot,Driving Layup Shot,2PT Field Goal,Restricted Area,Center(C),Less Than 8 ft.,3,-34,8,1,1,20250224,DET,LAC,Guard
Shot Chart Detail,0022400842,291,1627739,Kris Dunn,1610612746,LA Clippers,2,2,31,Missed Shot,Driving Floating Jump Shot,2PT Field Goal,In The Paint (Non-RA),Center(C),8-16 ft.,10,27,101,1,0,20250226,CHI,LAC,Guard
Shot Chart Detail,0022400842,295,1627739,Kris Dunn,1610612746,LA Clippers,2,2,5,Made Shot,Jump Shot,3PT Field Goal,Above the Break 3,Right Side Center(RC),24+ ft.,26,208,165,1,1,20250226,CHI,LAC,Guard
Shot Chart Detail,0022400842,366,1627739,Kris Dunn,1610612746,LA Clippers,3,8,40,Missed Shot,Pullup Jump shot,2PT Field Goal,In The Paint (Non-RA),Center(C),Less Than 8 ft.,6,29,56,1,0,20250226,CHI,LAC,Guard
Shot Chart Detail,0022400842,381,1627739,Kris Dunn,1610612746,LA Clippers,3,6,49,Missed Shot,Running Pull-Up Jump Shot,2PT Field Goal,In The Paint (Non-RA),Center(C),Less Than 8 ft.,6,30,60,1,0,20250226,CHI,LAC,Guard
Shot Chart Detail,0022400859,13,1627739,Kris Dunn,1610612746,LA Clippers,1,11,3,Made Shot,Running Pull-Up Jump Shot,2PT Field Goal,Mid-Range,Right Side(R),8-16 ft.,12,125,18,1,1,20250228,LAL,LAC,Guard
Shot Chart Detail,0022400859,37,1627739,Kris Dunn,1610612746,LA Clippers,1,8,17,Made Shot,Driving Floating Jump Shot,2PT Field Goal,In The Paint (Non-RA),Center(C),Less Than 8 ft.,6,-51,46,1,1,20250228,LAL,LAC,Guard
Shot Chart Detail,0022400859,58,1627739,Kris Dunn,1610612746,LA Clippers,1,5,22,Missed Shot,Driving Finger Roll Layup Shot,2PT Field Goal,In The Paint (Non-RA),Center(C),8-16 ft.,9,-4,97,1,0,20250228,LAL,LAC,Guard
Shot Chart Detail,0022400859,60,1627739,Kris Dunn,1610612746,LA Clippers,1,5,20,Made Shot,Tip Layup Shot,2PT Field Goal,Restricted Area,Center(C),Less Than 8 ft.,3,29,8,1,1,20250228,LAL,LAC,Guard
Shot Chart Detail,0022400859,196,1627739,Kris Dunn,1610612746,LA Clippers,2,6,46,Made Shot,Running Dunk Shot,2PT Field Goal,In The Paint (Non-RA),Center(C),Less Than 8 ft.,4,24,43,1,1,20250228,LAL,LAC,Guard
Shot Chart Detail,0022400859,210,1627739,Kris Dunn,1610612746,LA Clippers,2,5,6,Made Shot,Jump Shot,3PT Field Goal,Left Corner 3,Left Side(L),24+ ft.,22,-225,3,1,1,20250228,LAL,LAC,Guard
Shot Chart Detail,0022400859,269,1627739,Kris Dunn,1610612746,LA Clippers,2,0,48,Made Shot,Jump Shot,3PT Field Goal,Right Corner 3,Right Side(R),24+ ft.,22,229,20,1,1,20250228,LAL,LAC,Guard
Shot Chart Detail,0022400859,286,1627739,Kris Dunn,1610612746,LA Clippers,3,11,30,Missed Shot,Jump Shot,3PT Field Goal,Left Corner 3,Left Side(L),24+ ft.,23,-234,32,1,0,20250228,LAL,LAC,Guard
Shot Chart Detail,0022400859,320,1627739,Kris Dunn,1610612746,LA Clippers,3,9,9,Missed Shot,Turnaround Hook Shot,2PT Field Goal,In The Paint (Non-RA),Center(C),8-16 ft.,8,10,83,1,0,20250228,LAL,LAC,Guard
Shot Chart Detail,0022400874,24,1627739,Kris Dunn,1610612746,LA Clippers,1,9,50,Made Shot,Driving Floating Jump Shot,2PT Field Goal,In The Paint (Non-RA),Center(C),Less Than 8 ft.,5,16,51,1,1,20250302,LAL,LAC,Guard
Shot Chart Detail,0022400874,63,1627739,Kris Dunn,1610612746,LA Clippers,1,6,38,Made Shot,Running Dunk Shot,2PT Field Goal,Restricted Area,Center(C),Less Than 8 ft.,1,-1,15,1,1,20250302,LAL,LAC,Guard
Shot Chart Detail,0022400874,358,1627739,Kris Dunn,1610612746,LA Clippers,3,7,22,Made Shot,Running Layup Shot,2PT Field Goal,In The Paint (Non-RA),Center(C),Less Than 8 ft.,4,17,46,1,1,20250302,LAL,LAC,Guard
Shot Chart Detail,0022400874,371,1627739,Kris Dunn,1610612746,LA Clippers,3,5,45,Made Shot,Jump Shot,3PT Field Goal,Left Corner 3,Left Side(L),24+ ft.,23,-230,17,1,1,20250302,LAL,LAC,Guard
Shot Chart Detail,0022400874,379,1627739,Kris Dunn,1610612746,LA Clippers,3,5,17,Made Shot,Running Layup Shot,2PT Field Goal,Restricted Area,Center(C),Less Than 8 ft.,2,18,12,1,1,20250302,LAL,LAC,Guard
Shot Chart Detail,0022400874,417,1627739,Kris Dunn,1610612746,LA Clippers,3,2,14,Missed Shot,Jump Shot,3PT Field Goal,Right Corner 3,Right Side(R),24+ ft.,23,230,31,1,0,20250302,LAL,LAC,Guard
Shot Chart Detail,0022400874,490,1627739,Kris Dunn,1610612746,LA Clippers,4,10,4,Made Shot,Running Layup Shot,2PT Field Goal,Restricted Area,Center(C),Less Than 8 ft.,3,25,20,1,1,20250302,LAL,LAC,Guard
Shot Chart Detail,0022400874,563,1627739,Kris Dunn,1610612746,LA Clippers,4,3,55,Made Shot,Floating Jump shot,2PT Field Goal,In The Paint (Non-RA),Center(C),Less Than 8 ft.,6,-13,65,1,1,20250302,LAL,LAC,Guard
Shot Chart Detail,0022400874,574,1627739,Kris Dunn,1610612746,LA Clippers,4,3,30,Missed Shot,Jump Shot,3PT Field Goal,Right Corner 3,Right Side(R),24+ ft.,23,229,23,1,0,20250302,LAL,LAC,Guard
Shot Chart Detail,0022400874,577,1627739,Kris Dunn,1610612746,LA Clippers,4,2,49,Missed Shot,Jump Shot,3PT Field Goal,Left Corner 3,Left Side(L),24+ ft.,23,-232,17,1,0,20250302,LAL,LAC,Guard
Shot Chart Detail,0022400874,593,1627739,Kris Dunn,1610612746,LA Clippers,4,1,0,Missed Shot,Jump Shot,3PT Field Goal,Right Corner 3,Right Side(R),24+ ft.,22,225,41,1,0,20250302,LAL,LAC,Guard
Shot Chart Detail,0022400874,602,1627739,Kris Dunn,1610612746,LA Clippers,4,0,30,Missed Shot,Running Layup Shot,2PT Field Goal,Restricted Area,Center(C),Less Than 8 ft.,3,32,7,1,0,20250302,LAL,LAC,Guard
Shot Chart Detail,0022400889,16,1627739,Kris Dunn,1610612746,LA Clippers,1,10,44,Missed Shot,Jump Shot,3PT Field Goal,Right Corner 3,Right Side(R),24+ ft.,22,229,14,1,0,20250304,PHX,LAC,Guard
Shot Chart Detail,0022400889,33,1627739,Kris Dunn,1610612746,LA Clippers,1,9,3,Made Shot,Cutting Layup Shot,2PT Field Goal,Restricted Area,Center(C),Less Than 8 ft.,0,0,-1,1,1,20250304,PHX,LAC,Guard
Shot Chart Detail,0022400889,36,1627739,Kris Dunn,1610612746,LA Clippers,1,8,44,Missed Shot,Jump Shot,3PT Field Goal,Left Corner 3,Left Side(L),24+ ft.,23,-231,8,1,0,20250304,PHX,LAC,Guard
Shot Chart Detail,0022400889,80,1627739,Kris Dunn,1610612746,LA Clippers,1,4,42,Missed Shot,Jump Shot,3PT Field Goal,Above the Break 3,Right Side Center(RC),24+ ft.,25,185,174,1,0,20250304,PHX,LAC,Guard
Shot Chart Detail,0022400889,524,1627739,Kris Dunn,1610612746,LA Clippers,4,5,2,Missed Shot,Jump Shot,3PT Field Goal,Right Corner 3,Right Side(R),24+ ft.,24,241,16,1,0,20250304,PHX,LAC,Guard
Shot Chart Detail,0022400889,545,1627739,Kris Dunn,1610612746,LA Clippers,4,3,11,Missed Shot,Jump Shot,3PT Field Goal,Right Corner 3,Right Side(R),24+ ft.,23,228,34,1,0,20250304,PHX,LAC,Guard
Shot Chart Detail,0022400898,358,1627739,Kris Dunn,1610612746,LA Clippers,3,7,19,Made Shot,Jump Shot,3PT Field Goal,Left Corner 3,Left Side(L),24+ ft.,24,-238,59,1,1,20250305,LAC,DET,Guard
Shot Chart Detail,0022400898,380,1627739,Kris Dunn,1610612746,LA Clippers,3,5,8,Made Shot,Jump Shot,3PT Field Goal,Left Corner 3,Left Side(L),24+ ft.,23,-233,21,1,1,20250305,LAC,DET,Guard
Shot Chart Detail,0022400898,530,1627739,Kris Dunn,1610612746,LA Clippers,4,4,36,Made Shot,Driving Floating Jump Shot,2PT Field Goal,In The Paint (Non-RA),Center(C),8-16 ft.,10,5,108,1,1,20250305,LAC,DET,Guard
Shot Chart Detail,0022400911,57,1627739,Kris Dunn,1610612746,LA Clippers,1,6,28,Made Shot,Cutting Layup Shot,2PT Field Goal,Restricted Area,Center(C),Less Than 8 ft.,3,29,27,1,1,20250307,LAC,NYK,Guard
Shot Chart Detail,0022400911,314,1627739,Kris Dunn,1610612746,LA Clippers,3,10,40,Missed Shot,Jump Shot,3PT Field Goal,Above the Break 3,Right Side Center(RC),24+ ft.,28,126,255,1,0,20250307,LAC,NYK,Guard
Shot Chart Detail,0022400911,345,1627739,Kris Dunn,1610612746,LA Clippers,3,7,20,Missed Shot,Jump Shot,3PT Field Goal,Above the Break 3,Right Side Center(RC),24+ ft.,26,119,235,1,0,20250307,LAC,NYK,Guard
Shot Chart Detail,0022400927,77,1627739,Kris Dunn,1610612746,LA Clippers,1,4,20,Missed Shot,Jump Shot,3PT Field Goal,Above the Break 3,Right Side Center(RC),24+ ft.,25,135,220,1,0,20250309,LAC,SAC,Guard
Shot Chart Detail,0022400927,220,1627739,Kris Dunn,1610612746,LA Clippers,2,5,43,Made Shot,Running Layup Shot,2PT Field Goal,Restricted Area,Center(C),Less Than 8 ft.,2,-10,21,1,1,20250309,LAC,SAC,Guard
Shot Chart Detail,0022400927,304,1627739,Kris Dunn,1610612746,LA Clippers,3,9,40,Made Shot,Cutting Dunk Shot,2PT Field Goal,Restricted Area,Center(C),Less Than 8 ft.,1,-6,13,1,1,20250309,LAC,SAC,Guard
Shot Chart Detail,0022400927,328,1627739,Kris Dunn,1610612746,LA Clippers,3,7,41,Missed Shot,Jump Shot,3PT Field Goal,Above the Break 3,Left Side Center(LC),24+ ft.,24,-132,209,1,0,20250309,LAC,SAC,Guard
Shot Chart Detail,0022400927,332,1627739,Kris Dunn,1610612746,LA Clippers,3,7,3,Missed Shot,Driving Floating Jump Shot,2PT Field Goal,In The Paint (Non-RA),Center(C),Less Than 8 ft.,7,44,61,1,0,20250309,LAC,SAC,Guard
Shot Chart Detail,0022400927,340,1627739,Kris Dunn,1610612746,LA Clippers,3,5,55,Missed Shot,Jump Shot,3PT Field Goal,Above the Break 3,Right Side Center(RC),24+ ft.,26,153,221,1,0,20250309,LAC,SAC,Guard
Shot Chart Detail,0022400927,477,1627739,Kris Dunn,1610612746,LA Clippers,4,6,32,Missed Shot,Jump Shot,3PT Field Goal,Left Corner 3,Left Side(L),24+ ft.,23,-234,-11,1,0,20250309,LAC,SAC,Guard
Shot Chart Detail,0022400943,15,1627739,Kris Dunn,1610612746,LA Clippers,1,11,12,Missed Shot,Driving Floating Jump Shot,2PT Field Goal,Mid-Range,Right Side Center(RC),16-24 ft.,18,94,158,1,0,20250311,NOP,LAC,Guard
Shot Chart Detail,0022400943,19,1627739,Kris Dunn,1610612746,LA Clippers,1,10,54,Made Shot,Running Layup Shot,2PT Field Goal,Restricted Area,Center(C),Less Than 8 ft.,0,-2,7,1,1,20250311,NOP,LAC,Guard
Shot Chart Detail,0022400943,23,1627739,Kris Dunn,1610612746,LA Clippers,1,10,15,Missed Shot,Jump Shot,3PT Field Goal,Above the Break 3,Center(C),24+ ft.,25,-78,248,1,0,20250311,NOP,LAC,Guard
Shot Chart Detail,0022400943,91,1627739,Kris Dunn,1610612746,LA Clippers,1,3,23,Missed Shot,Driving Layup Shot,2PT Field Goal,Restricted Area,Center(C),Less Than 8 ft.,3,28,16,1,0,20250311,NOP,LAC,Guard
Shot Chart Detail,0022400943,96,1627739,Kris Dunn,1610612746,LA Clippers,1,3,12,Missed Shot,Running Layup Shot,2PT Field Goal,Restricted Area,Center(C),Less Than 8 ft.,2,-12,25,1,0,20250311,NOP,LAC,Guard
Shot Chart Detail,0022400943,328,1627739,Kris Dunn,1610612746,LA Clippers,3,10,13,Made Shot,Cutting Layup Shot,2PT Field Goal,Restricted Area,Center(C),Less Than 8 ft.,3,16,29,1,1,20250311,NOP,LAC,Guard
Shot Chart Detail,0022400943,355,1627739,Kris Dunn,1610612746,LA Clippers,3,7,54,Made Shot,Driving Floating Jump Shot,2PT Field Goal,In The Paint (Non-RA),Center(C),Less Than 8 ft.,6,49,37,1,1,20250311,NOP,LAC,Guard
Shot Chart Detail,0022400943,521,1627739,Kris Dunn,1610612746,LA Clippers,4,8,29,Made Shot,Pullup Jump shot,3PT Field Goal,Above the Break 3,Center(C),24+ ft.,24,-71,235,1,1,20250311,NOP,LAC,Guard
Shot Chart Detail,0022400943,524,1627739,Kris Dunn,1610612746,LA Clippers,4,8,10,Missed Shot,Running Layup Shot,2PT Field Goal,Restricted Area,Center(C),Less Than 8 ft.,2,7,29,1,0,20250311,NOP,LAC,Guard
Shot Chart Detail,0022400943,528,1627739,Kris Dunn,1610612746,LA Clippers,4,7,55,Missed Shot,Driving Floating Jump Shot,2PT Field Goal,In The Paint (Non-RA),Center(C),8-16 ft.,11,-4,113,1,0,20250311,NOP,LAC,Guard
Shot Chart Detail,0022400943,548,1627739,Kris Dunn,1610612746,LA Clippers,4,6,1,Made Shot,Driving Floating Jump Shot,2PT Field Goal,In The Paint (Non-RA),Center(C),8-16 ft.,10,50,92,1,1,20250311,NOP,LAC,Guard
Shot Chart Detail,0022400948,166,1627739,Kris Dunn,1610612746,LA Clippers,2,11,43,Made Shot,Driving Floating Jump Shot,2PT Field Goal,In The Paint (Non-RA),Right Side(R),8-16 ft.,8,78,29,1,1,20250312,MIA,LAC,Guard
Shot Chart Detail,0022400948,196,1627739,Kris Dunn,1610612746,LA Clippers,2,9,6,Missed Shot,Jump Shot,3PT Field Goal,Above the Break 3,Right Side Center(RC),24+ ft.,24,157,193,1,0,20250312,MIA,LAC,Guard
Shot Chart Detail,0022400948,200,1627739,Kris Dunn,1610612746,LA Clippers,2,8,47,Made Shot,Driving Floating Jump Shot,2PT Field Goal,Mid-Range,Right Side(R),8-16 ft.,9,82,45,1,1,20250312,MIA,LAC,Guard
Shot Chart Detail,0022400960,7,1627739,Kris Dunn,1610612746,LA Clippers,1,11,41,Missed Shot,Reverse Layup Shot,2PT Field Goal,Restricted Area,Center(C),Less Than 8 ft.,1,-4,10,1,0,20250314,ATL,LAC,Guard
Shot Chart Detail,0022400960,252,1627739,Kris Dunn,1610612746,LA Clippers,2,3,53,Missed Shot,Jump Shot,3PT Field Goal,Above the Break 3,Right Side Center(RC),24+ ft.,25,127,225,1,0,20250314,ATL,LAC,Guard
Shot Chart Detail,0022400960,267,1627739,Kris Dunn,1610612746,LA Clippers,2,2,15,Missed Shot,Driving Floating Jump Shot,2PT Field Goal,In The Paint (Non-RA),Center(C),Less Than 8 ft.,7,26,67,1,0,20250314,ATL,LAC,Guard
Shot Chart Detail,0022400960,279,1627739,Kris Dunn,1610612746,LA Clippers,2,1,50,Missed Shot,Floating Jump shot,2PT Field Goal,In The Paint (Non-RA),Center(C),Less Than 8 ft.,5,10,57,1,0,20250314,ATL,LAC,Guard
Shot Chart Detail,0022400997,31,1627739,Kris Dunn,1610612746,LA Clippers,1,9,3,Missed Shot,Jump Shot,3PT Field Goal,Right Corner 3,Right Side(R),24+ ft.,23,235,29,1,0,20250318,LAC,CLE,Guard
Shot Chart Detail,0022400997,50,1627739,Kris Dunn,1610612746,LA Clippers,1,7,44,Missed Shot,Jump Shot,3PT Field Goal,Right Corner 3,Right Side(R),24+ ft.,23,234,32,1,0,20250318,LAC,CLE,Guard
Shot Chart Detail,0022401004,20,1627739,Kris Dunn,1610612746,LA Clippers,1,10,6,Made Shot,Driving Floating Jump Shot,2PT Field Goal,In The Paint (Non-RA),Center(C),Less Than 8 ft.,6,32,58,1,1,20250213,UTA,LAC,Guard
Shot Chart Detail,0022401004,59,1627739,Kris Dunn,1610612746,LA Clippers,1,6,37,Missed Shot,Running Finger Roll Layup Shot,2PT Field Goal,In The Paint (Non-RA),Center(C),Less Than 8 ft.,4,-31,29,1,0,20250213,UTA,LAC,Guard
Shot Chart Detail,0022401004,112,1627739,Kris Dunn,1610612746,LA Clippers,1,4,5,Missed Shot,Running Layup Shot,2PT Field Goal,In The Paint (Non-RA),Right Side(R),8-16 ft.,8,72,38,1,0,20250213,UTA,LAC,Guard
Shot Chart Detail,0022401004,116,1627739,Kris Dunn,1610612746,LA Clippers,1,3,36,Missed Shot,Jump Shot,3PT Field Goal,Above the Break 3,Center(C),24+ ft.,26,-67,252,1,0,20250213,UTA,LAC,Guard
Shot Chart Detail,0022401004,274,1627739,Kris Dunn,1610612746,LA Clippers,2,4,23,Made Shot,Running Layup Shot,2PT Field Goal,Restricted Area,Center(C),Less Than 8 ft.,2,-22,20,1,1,20250213,UTA,LAC,Guard
Shot Chart Detail,0022401004,635,1627739,Kris Dunn,1610612746,LA Clippers,4,1,7,Missed Shot,Jump Shot,2PT Field Goal,In The Paint (Non-RA),Center(C),8-16 ft.,13,-32,135,1,0,20250213,UTA,LAC,Guard
Shot Chart Detail,0022401023,10,1627739,Kris Dunn,1610612746,LA Clippers,1,11,34,Missed Shot,Jump Shot,3PT Field Goal,Right Corner 3,Right Side(R),24+ ft.,23,233,56,1,0,20250321,LAC,MEM,Guard
Shot Chart Detail,0022401023,25,1627739,Kris Dunn,1610612746,LA Clippers,1,10,44,Missed Shot,Jump Shot,3PT Field Goal,Left Corner 3,Left Side(L),24+ ft.,23,-235,30,1,0,20250321,LAC,MEM,Guard
Shot Chart Detail,0022401023,48,1627739,Kris Dunn,1610612746,LA Clippers,1,8,57,Made Shot,Jump Shot,3PT Field Goal,Right Corner 3,Right Side(R),24+ ft.,23,234,19,1,1,20250321,LAC,MEM,Guard
Shot Chart Detail,0022401023,52,1627739,Kris Dunn,1610612746,LA Clippers,1,8,28,Made Shot,Jump Shot,3PT Field Goal,Right Corner 3,Right Side(R),24+ ft.,25,241,83,1,1,20250321,LAC,MEM,Guard
Shot Chart Detail,0022401023,56,1627739,Kris Dunn,1610612746,LA Clippers,1,7,48,Missed Shot,Jump Shot,3PT Field Goal,Right Corner 3,Right Side(R),24+ ft.,24,238,40,1,0,20250321,LAC,MEM,Guard
Shot Chart Detail,0022401023,245,1627739,Kris Dunn,1610612746,LA Clippers,2,6,55,Made Shot,Running Pull-Up Jump Shot,3PT Field Goal,Above the Break 3,Left Side Center(LC),24+ ft.,26,-172,199,1,1,20250321,LAC,MEM,Guard
Shot Chart Detail,0022401023,429,1627739,Kris Dunn,1610612746,LA Clippers,3,4,50,Missed Shot,Jump Shot,3PT Field Goal,Left Corner 3,Left Side(L),24+ ft.,23,-234,32,1,0,20250321,LAC,MEM,Guard
Shot Chart Detail,0022401023,646,1627739,Kris Dunn,1610612746,LA Clippers,4,1,55,Made Shot,Cutting Layup Shot,2PT Field Goal,In The Paint (Non-RA),Center(C),Less Than 8 ft.,4,4,43,1,1,20250321,LAC,MEM,Guard
Shot Chart Detail,0022401036,50,1627739,Kris Dunn,1610612746,LA Clippers,1,7,16,Made Shot,Driving Floating Jump Shot,2PT Field Goal,In The Paint (Non-RA),Center(C),8-16 ft.,8,-18,78,1,1,20250323,LAC,OKC,Guard
Shot Chart Detail,0022401036,58,1627739,Kris Dunn,1610612746,LA Clippers,1,6,26,Made Shot,Driving Floating Jump Shot,2PT Field Goal,In The Paint (Non-RA),Center(C),8-16 ft.,10,-47,91,1,1,20250323,LAC,OKC,Guard
Shot Chart Detail,0022401036,245,1627739,Kris Dunn,1610612746,LA Clippers,2,5,55,Missed Shot,Running Layup Shot,2PT Field Goal,In The Paint (Non-RA),Center(C),Less Than 8 ft.,5,31,48,1,0,20250323,LAC,OKC,Guard
Shot Chart Detail,0022401036,277,1627739,Kris Dunn,1610612746,LA Clippers,2,3,13,Missed Shot,Driving Layup Shot,2PT Field Goal,Restricted Area,Center(C),Less Than 8 ft.,3,22,21,1,0,20250323,LAC,OKC,Guard
Shot Chart Detail,0022401036,414,1627739,Kris Dunn,1610612746,LA Clippers,3,6,23,Made Shot,Jump Shot,3PT Field Goal,Right Corner 3,Right Side(R),24+ ft.,23,234,34,1,1,20250323,LAC,OKC,Guard
Shot Chart Detail,0022401056,245,1627739,Kris Dunn,1610612746,LA Clippers,2,4,15,Missed Shot,Running Pull-Up Jump Shot,2PT Field Goal,In The Paint (Non-RA),Center(C),8-16 ft.,9,-7,90,1,0,20250326,NYK,LAC,Guard
Shot Chart Detail,0022401056,253,1627739,Kris Dunn,1610612746,LA Clippers,2,3,22,Made Shot,Running Layup Shot,2PT Field Goal,Restricted Area,Center(C),Less Than 8 ft.,1,-10,17,1,1,20250326,NYK,LAC,Guard
Shot Chart Detail,0022401056,309,1627739,Kris Dunn,1610612746,LA Clippers,3,11,17,Missed Shot,Running Jump Shot,3PT Field Goal,Left Corner 3,Left Side(L),24+ ft.,23,-232,-18,1,0,20250326,NYK,LAC,Guard
Shot Chart Detail,0022401056,353,1627739,Kris Dunn,1610612746,LA Clippers,3,7,5,Made Shot,Jump Shot,3PT Field Goal,Right Corner 3,Right Side(R),24+ ft.,23,232,5,1,1,20250326,NYK,LAC,Guard
Shot Chart Detail,0022401056,390,1627739,Kris Dunn,1610612746,LA Clippers,3,3,57,Missed Shot,Jump Shot,3PT Field Goal,Above the Break 3,Right Side Center(RC),24+ ft.,25,178,183,1,0,20250326,NYK,LAC,Guard
Shot Chart Detail,0022401056,561,1627739,Kris Dunn,1610612746,LA Clippers,4,3,55,Missed Shot,Pullup Jump shot,3PT Field Goal,Above the Break 3,Left Side Center(LC),24+ ft.,25,-181,183,1,0,20250326,NYK,LAC,Guard
Shot Chart Detail,0022401056,583,1627739,Kris Dunn,1610612746,LA Clippers,4,2,7,Missed Shot,Jump Shot,3PT Field Goal,Left Corner 3,Left Side(L),24+ ft.,23,-232,17,1,0,20250326,NYK,LAC,Guard
Shot Chart Detail,0022401056,618,1627739,Kris Dunn,1610612746,LA Clippers,4,0,24,Made Shot,Driving Layup Shot,2PT Field Goal,Restricted Area,Center(C),Less Than 8 ft.,1,1,13,1,1,20250326,NYK,LAC,Guard
Shot Chart Detail,0022401068,60,1627739,Kris Dunn,1610612746,LA Clippers,1,7,54,Made Shot,Cutting Layup Shot,2PT Field Goal,Restricted Area,Center(C),Less Than 8 ft.,1,-15,7,1,1,20250328,BKN,LAC,Guard
Shot Chart Detail,0022401068,68,1627739,Kris Dunn,1610612746,LA Clippers,1,7,3,Missed Shot,Driving Floating Jump Shot,2PT Field Goal,In The Paint (Non-RA),Center(C),Less Than 8 ft.,7,13,70,1,0,20250328,BKN,LAC,Guard
Shot Chart Detail,0022401068,311,1627739,Kris Dunn,1610612746,LA Clippers,2,0,58,Missed Shot,Reverse Layup Shot,2PT Field Goal,Restricted Area,Center(C),Less Than 8 ft.,1,-15,12,1,0,20250328,BKN,LAC,Guard
Shot Chart Detail,0022401068,351,1627739,Kris Dunn,1610612746,LA Clippers,3,9,30,Made Shot,Jump Shot,3PT Field Goal,Left Corner 3,Left Side(L),24+ ft.,22,-228,-18,1,1,20250328,BKN,LAC,Guard
Shot Chart Detail,0022401068,359,1627739,Kris Dunn,1610612746,LA Clippers,3,8,48,Made Shot,Running Layup Shot,2PT Field Goal,Restricted Area,Center(C),Less Than 8 ft.,1,6,10,1,1,20250328,BKN,LAC,Guard
Shot Chart Detail,0022401081,50,1627739,Kris Dunn,1610612746,LA Clippers,1,8,10,Missed Shot,Jump Shot,3PT Field Goal,Above the Break 3,Center(C),24+ ft.,27,-82,263,1,0,20250330,CLE,LAC,Guard
Shot Chart Detail,0022401081,255,1627739,Kris Dunn,1610612746,LA Clippers,2,4,22,Missed Shot,Jump Shot,3PT Field Goal,Right Corner 3,Right Side(R),24+ ft.,23,234,-1,1,0,20250330,CLE,LAC,Guard
Shot Chart Detail,0022401081,291,1627739,Kris Dunn,1610612746,LA Clippers,2,1,2,Missed Shot,Jump Shot,3PT Field Goal,Right Corner 3,Right Side(R),24+ ft.,22,225,32,1,0,20250330,CLE,LAC,Guard
Shot Chart Detail,0022401081,331,1627739,Kris Dunn,1610612746,LA Clippers,3,10,54,Made Shot,Jump Shot,3PT Field Goal,Right Corner 3,Right Side(R),24+ ft.,24,248,8,1,1,20250330,CLE,LAC,Guard
Shot Chart Detail,0022401081,334,1627739,Kris Dunn,1610612746,LA Clippers,3,10,24,Made Shot,Driving Finger Roll Layup Shot,2PT Field Goal,Restricted Area,Center(C),Less Than 8 ft.,0,7,4,1,1,20250330,CLE,LAC,Guard
Shot Chart Detail,0022401081,351,1627739,Kris Dunn,1610612746,LA Clippers,3,8,54,Missed Shot,Jump Shot,3PT Field Goal,Left Corner 3,Left Side(L),24+ ft.,22,-228,-7,1,0,20250330,CLE,LAC,Guard
Shot Chart Detail,0022401081,372,1627739,Kris Dunn,1610612746,LA Clippers,3,7,45,Missed Shot,Driving Hook Shot,2PT Field Goal,In The Paint (Non-RA),Center(C),Less Than 8 ft.,6,-27,58,1,0,20250330,CLE,LAC,Guard
Shot Chart Detail,0022401081,548,1627739,Kris Dunn,1610612746,LA Clippers,4,6,59,Made Shot,Driving Finger Roll Layup Shot,2PT Field Goal,Restricted Area,Center(C),Less Than 8 ft.,0,-5,-1,1,1,20250330,CLE,LAC,Guard
Shot Chart Detail,0022401081,558,1627739,Kris Dunn,1610612746,LA Clippers,4,5,37,Missed Shot,Driving Floating Jump Shot,2PT Field Goal,In The Paint (Non-RA),Center(C),Less Than 8 ft.,6,12,68,1,0,20250330,CLE,LAC,Guard
Shot Chart Detail,0022401081,564,1627739,Kris Dunn,1610612746,LA Clippers,4,5,11,Made Shot,Jump Shot,3PT Field Goal,Right Corner 3,Right Side(R),24+ ft.,23,235,5,1,1,20250330,CLE,LAC,Guard
Shot Chart Detail,0022401081,581,1627739,Kris Dunn,1610612746,LA Clippers,4,3,57,Missed Shot,Driving Hook Shot,2PT Field Goal,In The Paint (Non-RA),Center(C),Less Than 8 ft.,4,13,43,1,0,20250330,CLE,LAC,Guard
Shot Chart Detail,0022401081,590,1627739,Kris Dunn,1610612746,LA Clippers,4,3,32,Missed Shot,Jump Shot,3PT Field Goal,Above the Break 3,Left Side Center(LC),24+ ft.,25,-213,135,1,0,20250330,CLE,LAC,Guard
Shot Chart Detail,0022401081,632,1627739,Kris Dunn,1610612746,LA Clippers,4,0,30,Made Shot,Pullup Jump shot,3PT Field Goal,Above the Break 3,Left Side Center(LC),24+ ft.,24,-188,152,1,1,20250330,CLE,LAC,Guard
Shot Chart Detail,0022401091,21,1627739,Kris Dunn,1610612746,LA Clippers,1,10,18,Made Shot,Jump Shot,3PT Field Goal,Above the Break 3,Right Side Center(RC),24+ ft.,25,163,194,1,1,20250331,ORL,LAC,Guard
Shot Chart Detail,0022401091,34,1627739,Kris Dunn,1610612746,LA Clippers,1,9,17,Missed Shot,Running Layup Shot,2PT Field Goal,Restricted Area,Center(C),Less Than 8 ft.,1,10,17,1,0,20250331,ORL,LAC,Guard
Shot Chart Detail,0022401091,66,1627739,Kris Dunn,1610612746,LA Clippers,1,6,1,Missed Shot,Pullup Jump shot,3PT Field Goal,Above the Break 3,Right Side Center(RC),24+ ft.,26,124,234,1,0,20250331,ORL,LAC,Guard
Shot Chart Detail,0022401091,305,1627739,Kris Dunn,1610612746,LA Clippers,2,0,0,Made Shot,Jump Shot,3PT Field Goal,Right Corner 3,Right Side(R),24+ ft.,23,234,5,1,1,20250331,ORL,LAC,Guard
Shot Chart Detail,0022401091,332,1627739,Kris Dunn,1610612746,LA Clippers,3,9,23,Missed Shot,Jump Shot,3PT Field Goal,Right Corner 3,Right Side(R),24+ ft.,22,228,-4,1,0,20250331,ORL,LAC,Guard
Shot Chart Detail,0022401091,592,1627739,Kris Dunn,1610612746,LA Clippers,4,1,5,Missed Shot,Jump Shot,3PT Field Goal,Left Corner 3,Left Side(L),24+ ft.,23,-230,20,1,0,20250331,ORL,LAC,Guard
Shot Chart Detail,0022401111,20,1627739,Kris Dunn,1610612746,LA Clippers,1,11,34,Missed Shot,Jump Shot,3PT Field Goal,Above the Break 3,Right Side Center(RC),24+ ft.,27,138,243,1,0,20250402,LAC,NOP,Guard
Shot Chart Detail,0022401111,39,1627739,Kris Dunn,1610612746,LA Clippers,1,8,39,Made Shot,Jump Shot,3PT Field Goal,Right Corner 3,Right Side(R),24+ ft.,24,248,-10,1,1,20250402,LAC,NOP,Guard
Shot Chart Detail,0022401111,47,1627739,Kris Dunn,1610612746,LA Clippers,1,7,46,Made Shot,Driving Floating Jump Shot,2PT Field Goal,Restricted Area,Center(C),Less Than 8 ft.,3,-15,35,1,1,20250402,LAC,NOP,Guard
Shot Chart Detail,0022401111,74,1627739,Kris Dunn,1610612746,LA Clippers,1,5,49,Missed Shot,Driving Layup Shot,2PT Field Goal,In The Paint (Non-RA),Center(C),Less Than 8 ft.,4,-22,35,1,0,20250402,LAC,NOP,Guard
Shot Chart Detail,0022401111,311,1627739,Kris Dunn,1610612746,LA Clippers,3,11,7,Missed Shot,Jump Shot,3PT Field Goal,Above the Break 3,Center(C),24+ ft.,28,-87,268,1,0,20250402,LAC,NOP,Guard
Shot Chart Detail,0022401111,315,1627739,Kris Dunn,1610612746,LA Clippers,3,10,30,Made Shot,Jump Shot,3PT Field Goal,Left Corner 3,Left Side(L),24+ ft.,25,-239,76,1,1,20250402,LAC,NOP,Guard
Shot Chart Detail,0022401111,329,1627739,Kris Dunn,1610612746,LA Clippers,3,8,58,Made Shot,Jump Shot,3PT Field Goal,Right Corner 3,Right Side(R),24+ ft.,24,231,80,1,1,20250402,LAC,NOP,Guard
Shot Chart Detail,0022401111,360,1627739,Kris Dunn,1610612746,LA Clippers,3,5,58,Missed Shot,Turnaround Jump Shot,2PT Field Goal,In The Paint (Non-RA),Center(C),8-16 ft.,8,13,89,1,0,20250402,LAC,NOP,Guard
Shot Chart Detail,0022401127,32,1627739,Kris Dunn,1610612746,LA Clippers,1,9,2,Made Shot,Turnaround Jump Shot,2PT Field Goal,In The Paint (Non-RA),Center(C),Less Than 8 ft.,5,-12,53,1,1,20250404,LAC,DAL,Guard
Shot Chart Detail,0022401127,39,1627739,Kris Dunn,1610612746,LA Clippers,1,8,10,Made Shot,Jump Shot,3PT Field Goal,Above the Break 3,Right Side Center(RC),24+ ft.,25,134,215,1,1,20250404,LAC,DAL,Guard
Shot Chart Detail,0022401127,223,1627739,Kris Dunn,1610612746,LA Clippers,2,5,50,Made Shot,Driving Layup Shot,2PT Field Goal,Restricted Area,Center(C),Less Than 8 ft.,1,-7,15,1,1,20250404,LAC,DAL,Guard
Shot Chart Detail,0022401127,275,1627739,Kris Dunn,1610612746,LA Clippers,2,2,8,Missed Shot,Driving Floating Jump Shot,2PT Field Goal,In The Paint (Non-RA),Center(C),8-16 ft.,9,22,90,1,0,20250404,LAC,DAL,Guard
Shot Chart Detail,0022401127,365,1627739,Kris Dunn,1610612746,LA Clippers,3,6,4,Made Shot,Turnaround Jump Shot,2PT Field Goal,In The Paint (Non-RA),Center(C),Less Than 8 ft.,6,27,57,1,1,20250404,LAC,DAL,Guard
Shot Chart Detail,0022401127,383,1627739,Kris Dunn,1610612746,LA Clippers,3,4,51,Missed Shot,Jump Shot,3PT Field Goal,Right Corner 3,Right Side(R),24+ ft.,23,237,16,1,0,20250404,LAC,DAL,Guard
Shot Chart Detail,0022401132,306,1627739,Kris Dunn,1610612746,LA Clippers,2,1,8,Made Shot,Jump Shot,3PT Field Goal,Above the Break 3,Right Side Center(RC),24+ ft.,27,158,230,1,1,20250405,LAC,DAL,Guard
Shot Chart Detail,0022401155,31,1627739,Kris Dunn,1610612746,LA Clippers,1,8,28,Missed Shot,Running Layup Shot,2PT Field Goal,Restricted Area,Center(C),Less Than 8 ft.,2,18,13,1,0,20250408,LAC,SAS,Guard
Shot Chart Detail,0022401155,257,1627739,Kris Dunn,1610612746,LA Clippers,2,2,15,Made Shot,Jump Shot,3PT Field Goal,Above the Break 3,Right Side Center(RC),24+ ft.,24,142,204,1,1,20250408,LAC,SAS,Guard
Shot Chart Detail,0022401155,275,1627739,Kris Dunn,1610612746,LA Clippers,2,0,39,Missed Shot,Jump Shot,3PT Field Goal,Left Corner 3,Left Side(L),24+ ft.,22,-222,1,1,0,20250408,LAC,SAS,Guard
Shot Chart Detail,0022401155,394,1627739,Kris Dunn,1610612746,LA Clippers,3,4,44,Missed Shot,Pullup Jump shot,2PT Field Goal,In The Paint (Non-RA),Center(C),8-16 ft.,9,-39,86,1,0,20250408,LAC,SAS,Guard
Shot Chart Detail,0022401155,541,1627739,Kris Dunn,1610612746,LA Clippers,4,5,33,Missed Shot,Jump Shot,3PT Field Goal,Right Corner 3,Right Side(R),24+ ft.,23,230,32,1,0,20250408,LAC,SAS,Guard
Shot Chart Detail,0022401155,546,1627739,Kris Dunn,1610612746,LA Clippers,4,4,59,Made Shot,Jump Shot,3PT Field Goal,Left Corner 3,Left Side(L),24+ ft.,23,-235,38,1,1,20250408,LAC,SAS,Guard
Shot Chart Detail,0022401166,12,1627739,Kris Dunn,1610612746,LA Clippers,1,10,58,Missed Shot,Pullup Jump shot,2PT Field Goal,Mid-Range,Left Side Center(LC),16-24 ft.,17,-105,134,1,0,20250409,LAC,HOU,Guard
Shot Chart Detail,0022401166,25,1627739,Kris Dunn,1610612746,LA Clippers,1,9,47,Made Shot,Running Layup Shot,2PT Field Goal,Restricted Area,Center(C),Less Than 8 ft.,3,-10,38,1,1,20250409,LAC,HOU,Guard
Shot Chart Detail,0022401166,47,1627739,Kris Dunn,1610612746,LA Clippers,1,7,56,Made Shot,Driving Reverse Layup Shot,2PT Field Goal,Restricted Area,Center(C),Less Than 8 ft.,3,0,31,1,1,20250409,LAC,HOU,Guard
Shot Chart Detail,0022401166,331,1627739,Kris Dunn,1610612746,LA Clippers,3,9,31,Missed Shot,Running Jump Shot,3PT Field Goal,Left Corner 3,Left Side(L),24+ ft.,23,-232,-5,1,0,20250409,LAC,HOU,Guard
Shot Chart Detail,0022401166,335,1627739,Kris Dunn,1610612746,LA Clippers,3,9,2,Made Shot,Cutting Layup Shot,2PT Field Goal,Restricted Area,Center(C),Less Than 8 ft.,2,-6,27,1,1,20250409,LAC,HOU,Guard
Shot Chart Detail,0022401166,354,1627739,Kris Dunn,1610612746,LA Clippers,3,7,30,Made Shot,Running Jump Shot,3PT Field Goal,Right Corner 3,Right Side(R),24+ ft.,23,233,46,1,1,20250409,LAC,HOU,Guard
Shot Chart Detail,0022401184,53,1627739,Kris Dunn,1610612746,LA Clippers,1,7,3,Missed Shot,Driving Floating Bank Jump Shot,2PT Field Goal,In The Paint (Non-RA),Center(C),Less Than 8 ft.,5,52,14,1,0,20250411,SAC,LAC,Guard
Shot Chart Detail,0022401184,67,1627739,Kris Dunn,1610612746,LA Clippers,1,5,32,Missed Shot,Jump Shot,3PT Field Goal,Above the Break 3,Right Side Center(RC),24+ ft.,27,141,238,1,0,20250411,SAC,LAC,Guard
Shot Chart Detail,0022401184,317,1627739,Kris Dunn,1610612746,LA Clippers,3,10,56,Missed Shot,Jump Shot,3PT Field Goal,Right Corner 3,Right Side(R),24+ ft.,23,230,12,1,0,20250411,SAC,LAC,Guard
Shot Chart Detail,0022401184,349,1627739,Kris Dunn,1610612746,LA Clippers,3,7,57,Made Shot,Driving Floating Jump Shot,2PT Field Goal,In The Paint (Non-RA),Center(C),8-16 ft.,9,-44,79,1,1,20250411,SAC,LAC,Guard
Shot Chart Detail,0022401184,355,1627739,Kris Dunn,1610612746,LA Clippers,3,6,50,Missed Shot,Jump Shot,3PT Field Goal,Right Corner 3,Right Side(R),24+ ft.,22,229,12,1,0,20250411,SAC,LAC,Guard
Shot Chart Detail,0022401184,367,1627739,Kris Dunn,1610612746,LA Clippers,3,5,29,Made Shot,Driving Reverse Layup Shot,2PT Field Goal,Restricted Area,Center(C),Less Than 8 ft.,1,13,15,1,1,20250411,SAC,LAC,Guard
Shot Chart Detail,0022401198,15,1627739,Kris Dunn,1610612746,LA Clippers,1,10,53,Made Shot,Jump Shot,3PT Field Goal,Above the Break 3,Right Side Center(RC),24+ ft.,26,211,159,1,1,20250413,GSW,LAC,Guard
Shot Chart Detail,0022401198,238,1627739,Kris Dunn,1610612746,LA Clippers,2,5,52,Made Shot,Pullup Jump shot,3PT Field Goal,Right Corner 3,Right Side(R),24+ ft.,22,229,20,1,1,20250413,GSW,LAC,Guard
Shot Chart Detail,0022401198,257,1627739,Kris Dunn,1610612746,LA Clippers,2,4,27,Made Shot,Jump Shot,3PT Field Goal,Above the Break 3,Left Side Center(LC),24+ ft.,26,-190,183,1,1,20250413,GSW,LAC,Guard
Shot Chart Detail,0022401198,537,1627739,Kris Dunn,1610612746,LA Clippers,4,5,34,Made Shot,Driving Floating Jump Shot,2PT Field Goal,In The Paint (Non-RA),Center(C),8-16 ft.,8,32,84,1,1,20250413,GSW,LAC,Guard
Shot Chart Detail,0022401213,11,1627739,Kris Dunn,1610612746,LA Clippers,1,11,15,Made Shot,Driving Floating Jump Shot,2PT Field Goal,In The Paint (Non-RA),Center(C),Less Than 8 ft.,4,-18,43,1,1,20241213,DEN,LAC,Guard
Shot Chart Detail,0022401213,34,1627739,Kris Dunn,1610612746,LA Clippers,1,9,3,Missed Shot,Jump Shot,3PT Field Goal,Right Corner 3,Right Side(R),24+ ft.,23,235,16,1,0,20241213,DEN,LAC,Guard
Shot Chart Detail,0022401213,75,1627739,Kris Dunn,1610612746,LA Clippers,1,5,42,Made Shot,Driving Finger Roll Layup Shot,2PT Field Goal,Restricted Area,Center(C),Less Than 8 ft.,2,-16,13,1,1,20241213,DEN,LAC,Guard
Shot Chart Detail,0022401213,83,1627739,Kris Dunn,1610612746,LA Clippers,1,4,39,Made Shot,Jump Shot,3PT Field Goal,Above the Break 3,Left Side Center(LC),24+ ft.,24,-191,158,1,1,20241213,DEN,LAC,Guard
Shot Chart Detail,0022401213,363,1627739,Kris Dunn,1610612746,LA Clippers,3,11,35,Missed Shot,Jump Shot,3PT Field Goal,Left Corner 3,Left Side(L),24+ ft.,22,-229,5,1,0,20241213,DEN,LAC,Guard
Shot Chart Detail,0022401213,431,1627739,Kris Dunn,1610612746,LA Clippers,3,5,38,Missed Shot,Jump Shot,3PT Field Goal,Right Corner 3,Right Side(R),24+ ft.,23,232,32,1,0,20241213,DEN,LAC,Guard
Shot Chart Detail,0022401226,14,1627739,Kris Dunn,1610612746,LA Clippers,1,10,58,Made Shot,Driving Floating Bank Jump Shot,2PT Field Goal,In The Paint (Non-RA),Center(C),Less Than 8 ft.,6,58,26,1,1,20241216,LAC,UTA,Guard
Shot Chart Detail,0022401226,17,1627739,Kris Dunn,1610612746,LA Clippers,1,10,20,Made Shot,Jump Shot,3PT Field Goal,Right Corner 3,Right Side(R),24+ ft.,23,235,13,1,1,20241216,LAC,UTA,Guard
Shot Chart Detail,0022401226,230,1627739,Kris Dunn,1610612746,LA Clippers,2,7,46,Missed Shot,Jump Shot,3PT Field Goal,Left Corner 3,Left Side(L),24+ ft.,22,-225,36,1,0,20241216,LAC,UTA,Guard
Shot Chart Detail,0022401226,259,1627739,Kris Dunn,1610612746,LA Clippers,2,5,35,Made Shot,Alley Oop Layup shot,2PT Field Goal,Restricted Area,Center(C),Less Than 8 ft.,0,5,-2,1,1,20241216,LAC,UTA,Guard
Shot Chart Detail,0022401226,406,1627739,Kris Dunn,1610612746,LA Clippers,3,6,4,Missed Shot,Jump Shot,3PT Field Goal,Right Corner 3,Right Side(R),24+ ft.,23,230,67,1,0,20241216,LAC,UTA,Guard
Shot Chart Detail,0022401226,416,1627739,Kris Dunn,1610612746,LA Clippers,3,5,37,Made Shot,Jump Shot,3PT Field Goal,Above the Break 3,Center(C),24+ ft.,26,31,265,1,1,20241216,LAC,UTA,Guard
Shot Chart Detail,0022401226,426,1627739,Kris Dunn,1610612746,LA Clippers,3,5,6,Made Shot,Layup Shot,2PT Field Goal,Restricted Area,Center(C),Less Than 8 ft.,2,-12,17,1,1,20241216,LAC,UTA,Guard
Shot Chart Detail,0022401226,438,1627739,Kris Dunn,1610612746,LA Clippers,3,3,40,Missed Shot,Driving Floating Jump Shot,2PT Field Goal,In The Paint (Non-RA),Right Side(R),8-16 ft.,10,78,73,1,0,20241216,LAC,UTA,Guard
